filename,Geology,GR
000d7d20__typewell.csv,0.23070987654320987,0.0
00bbac68__typewell.csv,0.473792394655704,0.0
00e12e8b__typewell.csv,0.6099374021909233,0.0
015fe0d2__typewell.csv,0.19051383399209487,0.0
01869cd4__typewell.csv,0.05228136882129278,0.0
01982c1d__typewell.csv,0.4753727971079982,0.0
028d7b28__typewell.csv,0.3900789177001127,0.0
02e7fe5a__typewell.csv,0.010934393638170975,0.0
0390d174__typewell.csv,0.3136337039204213,0.0
03a935ae__typewell.csv,0.49814356435643564,0.0
044af7d1__typewell.csv,0.1996007984031936,0.0
0498acab__typewell.csv,0.35318704284221525,0.0
052d64df__typewell.csv,0.4294930875576037,0.0
05948241__typewell.csv,0.4094736842105263,0.0
059c8f24__typewell.csv,0.29069767441860467,0.0
05a0ee4d__typewell.csv,0.34725990233315246,0.0
060ab2b8__typewell.csv,0.0,0.0
06df5958__typewell.csv,0.20583468395461912,0.0
071d7b45__typewell.csv,0.0,0.0
0849b4e2__typewell.csv,0.46809440559440557,0.0
084d66f9__typewell.csv,0.4320388349514563,0.0
08fecf00__typewell.csv,0.4863646608068515,0.0
09053135__typewell.csv,0.375,0.0
09441b8d__typewell.csv,0.4121654501216545,0.0
0955cd6c__typewell.csv,0.36729594669627985,0.0
09ec2ca9__typewell.csv,0.36827354260089684,0.0
0a57a29c__typewell.csv,0.13405017921146953,0.0
0bbf5e67__typewell.csv,0.40149160969546305,0.0
0be01c24__typewell.csv,0.3969046430354468,0.0
0c1b160c__typewell.csv,0.19672131147540983,0.0
0d99f8e4__typewell.csv,0.1720356408498972,0.0
0dc5e64d__typewell.csv,0.2835346471710108,0.0
0dc835f3__typewell.csv,0.02763819095477387,0.0
0dd99dc5__typewell.csv,0.4568273092369478,0.0
0e5e560d__typewell.csv,0.3851609383524277,0.0
109d9d70__typewell.csv,0.23830213903743316,0.0
10a1281a__typewell.csv,0.3628691983122363,0.0
10b89021__typewell.csv,0.010934393638170975,0.0
10be2420__typewell.csv,0.4423459244532803,0.0
113011eb__typewell.csv,0.09531772575250837,0.0
1131525f__typewell.csv,0.21031426269137793,0.0
11d0f5ac__typewell.csv,0.0,0.0
12203f2a__typewell.csv,0.37268041237113403,0.0
122bd617__typewell.csv,0.5251798561151079,0.0
125be846__typewell.csv,0.13183730715287517,0.0
1285a37b__typewell.csv,0.4679264047737444,0.0
1295a25b__typewell.csv,0.2537425149700599,0.0
12f0cd90__typewell.csv,0.13218390804597702,0.0
137d1e44__typewell.csv,0.4644644644644645,0.0
13ce113d__typewell.csv,0.44865358283888634,0.0
13f598d9__typewell.csv,0.39247613700168443,0.0
14a53cb3__typewell.csv,0.39663093415007655,0.0
14ab73fb__typewell.csv,0.32367149758454106,0.0
14ad5efb__typewell.csv,0.1377587437544611,0.0
14fee784__typewell.csv,0.15991316931982633,0.0
153552f5__typewell.csv,0.5158392434988179,0.0
1550491d__typewell.csv,0.0,0.0
155887bb__typewell.csv,0.5174363807728558,0.0
1590af81__typewell.csv,0.04840032813781788,0.0
15e154a1__typewell.csv,0.3846776369031562,0.0
1619e2ca__typewell.csv,0.2990936555891239,0.0
16e4a047__typewell.csv,0.41921182266009854,0.0
173ed841__typewell.csv,0.4143404488232074,0.0
1770d7c6__typewell.csv,0.4465473145780051,0.0
177622d7__typewell.csv,0.19242902208201892,0.0
18d24f7b__typewell.csv,0.26743480897513644,0.0
19137a89__typewell.csv,0.2830788804071247,0.0
1944513c__typewell.csv,0.4595078299776286,0.0
197f8a5a__typewell.csv,0.44459898006490495,0.0
19871e7f__typewell.csv,0.4790563312469909,0.0
198a5607__typewell.csv,0.4081529944640161,0.0
19fb4f7b__typewell.csv,0.5623721881390593,0.0
1a518997__typewell.csv,0.3642105263157895,0.0
1a68190b__typewell.csv,0.4584749878581836,0.0
1a730ac2__typewell.csv,0.030540328895849646,0.0
1aaf1da0__typewell.csv,0.3360927152317881,0.0
1b08ed48__typewell.csv,0.2703604806408545,0.0
1b1c5372__typewell.csv,0.08644859813084112,0.0
1b1eba53__typewell.csv,0.664043082021541,0.0
1b6ba517__typewell.csv,0.0,0.0
1b82b665__typewell.csv,0.3038575667655786,0.0
1bcb2fcf__typewell.csv,0.2734056987788331,0.0
1beca81d__typewell.csv,0.2485284499672989,0.0
1d3fbf02__typewell.csv,0.16288832913518053,0.0
1d78281a__typewell.csv,0.48211797491871805,0.0
1e30dedf__typewell.csv,0.12593144560357675,0.0
1e5e3573__typewell.csv,0.33362573099415205,0.0
1f9afacb__typewell.csv,0.40902255639097745,0.0
1fdbba44__typewell.csv,0.1520912547528517,0.0
1fee2b62__typewell.csv,0.46673238048299653,0.0
20096916__typewell.csv,0.36916622968012586,0.0
200d233d__typewell.csv,0.2891166716912873,0.0
201661b5__typewell.csv,0.5585899670734069,0.0
203721ab__typewell.csv,0.2015862524785195,0.0
20402d71__typewell.csv,0.2843488649940263,0.0
2043abc5__typewell.csv,0.12816901408450704,0.0
204cc64b__typewell.csv,0.5131938125568699,0.0
206b6193__typewell.csv,0.30292792792792794,0.0
2075c696__typewell.csv,0.5341303509448515,0.0
22c5f93f__typewell.csv,0.41000490436488474,0.0
230eaaa3__typewell.csv,0.43315018315018317,0.0
2364716c__typewell.csv,0.39656084656084656,0.0
23b9beb0__typewell.csv,0.18424753867791843,0.0
24d8997e__typewell.csv,0.3367003367003367,0.0
25050f63__typewell.csv,0.31267928858290306,0.0
25939962__typewell.csv,0.45034889962426194,0.0
25fd32b3__typewell.csv,0.14595375722543352,0.0
261785ee__typewell.csv,0.5427670476941269,0.0
264feceb__typewell.csv,0.35983041865394805,0.0
26623a50__typewell.csv,0.38083034341363403,0.0
26d3a96a__typewell.csv,0.47264662395268603,0.0
272abef3__typewell.csv,0.1768617021276596,0.0
27300fd5__typewell.csv,0.5098488318827302,0.0
276b012a__typewell.csv,0.3203517587939699,0.0
27c3155b__typewell.csv,0.550499001996008,0.0
27ebb9b9__typewell.csv,0.0,0.0
283269ac__typewell.csv,0.42311276794035413,0.0
28473855__typewell.csv,0.5561393267172602,0.0
28f4eda9__typewell.csv,0.0,0.0
29b24409__typewell.csv,0.33989071038251367,0.0
29de15c8__typewell.csv,0.28115770821027763,0.0
2ab29395__typewell.csv,0.026615969581749048,0.0
2ac7cb6b__typewell.csv,0.15255474452554746,0.0
2acc78d4__typewell.csv,0.3855975485188968,0.0
2b034622__typewell.csv,0.1898006134969325,0.0
2b06ad65__typewell.csv,0.18431635388739948,0.0
2b547943__typewell.csv,0.43174250832408434,0.0
2be5c96a__typewell.csv,0.31020642201834864,0.0
2bff06cf__typewell.csv,0.414121181772659,0.0
2c0c4a4e__typewell.csv,0.39205756929637525,0.0
2cee0cba__typewell.csv,0.3786163522012579,0.0
2d0c268a__typewell.csv,0.40138751238850345,0.0
2d179ded__typewell.csv,0.43942054433713784,0.0
2d196986__typewell.csv,0.3699360341151386,0.0
2d2d0c6b__typewell.csv,0.384375,0.0
2d35f86d__typewell.csv,0.3113909559244419,0.0
2d9f6cb9__typewell.csv,0.0365093499554764,0.0
2ddad940__typewell.csv,0.35718891038039974,0.0
2e29e833__typewell.csv,0.42738693467336686,0.0
2e43c2ea__typewell.csv,0.3562091503267974,0.0
2e63d9de__typewell.csv,0.4195121951219512,0.0
2ee0235b__typewell.csv,0.3466738777717685,0.0
2f19d536__typewell.csv,0.20865533230293662,0.0
2f8e53c3__typewell.csv,0.2240868706811451,0.0
2fa01aa6__typewell.csv,0.38498402555910544,0.0
2fd68f7b__typewell.csv,0.34175084175084175,0.0
2fe023be__typewell.csv,0.4415021665864227,0.0
30d75030__typewell.csv,0.19820441988950277,0.0
310c71a5__typewell.csv,0.3824130879345603,0.0
32fe84c9__typewell.csv,0.3656413232733604,0.0
33c40295__typewell.csv,0.4132524026302479,0.0
3407f5bf__typewell.csv,0.23479398299542184,0.0
3417285d__typewell.csv,0.010934393638170975,0.0
347242c8__typewell.csv,0.35403397027600847,0.0
353e5502__typewell.csv,0.4243458475540387,0.0
357c12f9__typewell.csv,0.5216390423572744,0.0
3584a6eb__typewell.csv,0.4413529732678669,0.0
35b30c7f__typewell.csv,0.28247876690783263,0.0
35b3ef6a__typewell.csv,0.30640854472630175,0.0
367456ce__typewell.csv,0.3269565217391304,0.0
368131f9__typewell.csv,0.11152141802067947,0.0
368fe682__typewell.csv,0.22406967537608868,0.0
3690a146__typewell.csv,0.3852417302798982,0.0
37344c2a__typewell.csv,0.30851063829787234,0.0
373ef48b__typewell.csv,0.19573901464713714,0.0
374be387__typewell.csv,0.34680306905370845,0.0
37d36812__typewell.csv,0.4165242165242165,0.0
38991fd4__typewell.csv,0.3740818467995803,0.0
389ae58f__typewell.csv,0.49442190669371194,0.0
3932faa6__typewell.csv,0.0,0.0
398dce4b__typewell.csv,0.4228395061728395,0.0
39b51819__typewell.csv,0.34380257992148067,0.0
3a0af893__typewell.csv,0.0851063829787234,0.0
3a223519__typewell.csv,0.500895255147717,0.0
3a7dd95d__typewell.csv,0.0,0.0
3a824aa7__typewell.csv,0.2773465067043049,0.0
3a86fe8d__typewell.csv,0.11886120996441281,0.0
3aaa2b30__typewell.csv,0.17130620985010706,0.0
3ac16ad0__typewell.csv,0.362087326943557,0.0
3b21ea64__typewell.csv,0.4881740775780511,0.0
3bbe1f5d__typewell.csv,0.3445469343461747,0.0
3bfee975__typewell.csv,0.24981684981684982,0.0
3c3dbcbc__typewell.csv,0.31918505942275044,0.0
3d96d897__typewell.csv,0.1881720430107527,0.0
3df4b19e__typewell.csv,0.3406113537117904,0.0
3e011332__typewell.csv,0.5369261477045908,0.0
3e678ea7__typewell.csv,0.34011090573012936,0.0
3ef6372a__typewell.csv,0.415762151958471,0.0
3ef98781__typewell.csv,0.13195435092724678,0.0
3f603129__typewell.csv,0.1620817843866171,0.0
404c4384__typewell.csv,0.37213206491326245,0.0
4121c517__typewell.csv,0.46663511594888785,0.0
41fb0192__typewell.csv,0.1344,0.0
42669188__typewell.csv,0.5373549883990719,0.0
42c538a1__typewell.csv,0.10665451230628988,0.0
43b06c70__typewell.csv,0.3628177966101695,0.0
43c7f85a__typewell.csv,0.1497515968772179,0.0
43e16325__typewell.csv,0.5159288374017377,0.0
44441e54__typewell.csv,0.04727272727272727,0.0
445af6c2__typewell.csv,0.4347215722976135,0.0
4463446c__typewell.csv,0.0,0.0
44a94013__typewell.csv,0.0,0.0
45fb3e21__typewell.csv,0.467156637574644,0.0
460f859e__typewell.csv,0.26446795270690726,0.0
4630ab92__typewell.csv,0.46663650757747116,0.0
463c38f2__typewell.csv,0.029292107404393815,0.0
4654e7de__typewell.csv,0.20369149637442321,0.0
466fc788__typewell.csv,0.426556420233463,0.0
46a301e9__typewell.csv,0.44866385372714485,0.0
46a7190b__typewell.csv,0.22615606936416185,0.0
46d24a09__typewell.csv,0.3303303303303303,0.0
46d41ff6__typewell.csv,0.1040983606557377,0.0
46dfcfca__typewell.csv,0.15735641227380015,0.0
47222616__typewell.csv,0.152317880794702,0.0
47ee27ab__typewell.csv,0.43496120492925605,0.0
481de5fc__typewell.csv,0.0,0.0
48c1f673__typewell.csv,0.41025641025641024,0.0
4936af16__typewell.csv,0.21554054054054053,0.0
493b5b31__typewell.csv,0.5723509304975314,0.0
49dbc14c__typewell.csv,0.07075471698113207,0.0
4a035ec2__typewell.csv,0.44024831867563374,0.0
4a335117__typewell.csv,0.5155737704918033,0.0
4a8ecc0b__typewell.csv,0.42604961832061067,0.0
4b462989__typewell.csv,0.32989690721649484,0.0
4b831d20__typewell.csv,0.6082548877624909,0.0
4c2208f5__typewell.csv,0.6264394288346384,0.0
4c3168cf__typewell.csv,0.2920302501454334,0.0
4c3df468__typewell.csv,0.0882800608828006,0.0
4caa7289__typewell.csv,0.12081513828238719,0.0
4cd1ac61__typewell.csv,0.4896054306321595,0.0
4cecf7b3__typewell.csv,0.11419984973703982,0.0
4ddde4c1__typewell.csv,0.4842105263157895,0.0
4e050c92__typewell.csv,0.11320045129748026,0.0
4ed93db6__typewell.csv,0.4269449715370019,0.0
4f3eb9e9__typewell.csv,0.0,0.0
4f4ac5ce__typewell.csv,0.33804809052333806,0.0
4f4afcc6__typewell.csv,0.20682862770847013,0.0
4f69febf__typewell.csv,0.5374517374517375,0.0
4fbe9c06__typewell.csv,0.3333333333333333,0.0
504c8b08__typewell.csv,0.39570552147239263,0.0
511e1db0__typewell.csv,0.3039673278879813,0.0
512943b2__typewell.csv,0.35983041865394805,0.0
5138a660__typewell.csv,0.0,0.0
516088b7__typewell.csv,0.2893226176808266,0.0
521a7819__typewell.csv,0.42117872544321994,0.0
5254b6db__typewell.csv,0.0,0.0
529e88ca__typewell.csv,0.42470648289943846,0.0
52f1e77a__typewell.csv,0.08358433734939759,0.0
5305524b__typewell.csv,0.0,0.0
53134831__typewell.csv,0.45660467334287075,0.0
5397ceb1__typewell.csv,0.23934426229508196,0.0
53f23031__typewell.csv,0.3636862314865606,0.0
543198e8__typewell.csv,0.4181999005469915,0.0
54753541__typewell.csv,0.16946442845723422,0.0
54a7e3c2__typewell.csv,0.26911124922311996,0.0
5542c301__typewell.csv,0.4519906323185012,0.0
5567d551__typewell.csv,0.14738292011019283,0.0
55efee7f__typewell.csv,0.36694083311223136,0.0
5663b2b7__typewell.csv,0.0,0.0
5693dde2__typewell.csv,0.020206362854686157,0.0
56b00794__typewell.csv,0.0,0.0
57796579__typewell.csv,0.4055804683607374,0.0
577eec7c__typewell.csv,0.230330257406508,0.0
57f05c51__typewell.csv,0.526890756302521,0.0
58850d2c__typewell.csv,0.4294086307938199,0.0
58fa8486__typewell.csv,0.0,0.0
591cc951__typewell.csv,0.4042446941323346,0.0
593876b6__typewell.csv,0.14929577464788732,0.0
59f8b2e8__typewell.csv,0.0,0.0
5a1a8fd8__typewell.csv,0.28153564899451555,0.0
5a5269a9__typewell.csv,0.15168539325842698,0.0
5a5d1982__typewell.csv,0.3053479010925819,0.0
5a63b5d1__typewell.csv,0.0,0.0
5aa03df7__typewell.csv,0.49538866930171277,0.0
5aa403d0__typewell.csv,0.3125734430082256,0.0
5aef5c6c__typewell.csv,0.4720194647201946,0.0
5b7b6324__typewell.csv,0.2639455782312925,0.0
5bd25f59__typewell.csv,0.4821192052980132,0.0
5beded95__typewell.csv,0.35047219307450156,0.0
5cb483ac__typewell.csv,0.08604651162790698,0.0
5cdd8dbc__typewell.csv,0.32764505119453924,0.0
5d11dfb5__typewell.csv,0.4717527764365041,0.0
5d7198fd__typewell.csv,0.0,0.0
5def1ce5__typewell.csv,0.20316622691292877,0.0
5eae34a8__typewell.csv,0.36617842876165113,0.0
5f4d2a52__typewell.csv,0.39750908147379344,0.0
5f6756c5__typewell.csv,0.47560975609756095,0.0
5f75f796__typewell.csv,0.45071868583162217,0.0
5fb1c15f__typewell.csv,0.38323668950975226,0.0
5fffa282__typewell.csv,0.4263206672845227,0.0
60e37807__typewell.csv,0.47392290249433106,0.0
61f27424__typewell.csv,0.609146123615577,0.0
62569ae3__typewell.csv,0.33278508771929827,0.0
62a6f539__typewell.csv,0.2748466257668712,0.0
633774dc__typewell.csv,0.3714591127739177,0.0
63559d57__typewell.csv,0.3351808634772462,0.0
647f2a41__typewell.csv,0.4232981783317354,0.0
65156b96__typewell.csv,0.3716433941997852,0.0
653612bc__typewell.csv,0.07663125948406677,0.0
656a067b__typewell.csv,0.4190721649484536,0.0
65a5466a__typewell.csv,0.08502340093603744,0.0
660d9546__typewell.csv,0.031821797931583136,0.0
6767c111__typewell.csv,0.27802690582959644,0.0
67847288__typewell.csv,0.4554604932058379,0.0
67a8da4a__typewell.csv,0.4335627316040233,0.0
684a6fc1__typewell.csv,0.3843454790823212,0.0
698930d1__typewell.csv,0.40496304118268217,0.0
699ea575__typewell.csv,0.06908803789972365,0.0
69c1bdad__typewell.csv,0.3329741379310345,0.0
69e41fa6__typewell.csv,0.03565768621236133,0.0
6a0ff78e__typewell.csv,0.10914454277286136,0.0
6a8fa194__typewell.csv,0.0,0.0
6ae68655__typewell.csv,0.010934393638170975,0.0
6d1d74e1__typewell.csv,0.0,0.0
6d590e26__typewell.csv,0.37828100874935666,0.0
6d6d93af__typewell.csv,0.0,0.0
6dbe4b60__typewell.csv,0.3515834675254965,0.0
6e6d122c__typewell.csv,0.212913143735588,0.0
6e9ccd38__typewell.csv,0.0,0.0
6ea22614__typewell.csv,0.4676753782668501,0.0
6ede926a__typewell.csv,0.2800953516090584,0.0
708caea9__typewell.csv,0.4393034825870647,0.0
70925e23__typewell.csv,0.5397849462365591,0.0
70e1788b__typewell.csv,0.43420469649977844,0.0
71642c7d__typewell.csv,0.5160590277777778,0.0
71ccf778__typewell.csv,0.0,0.0
7224331b__typewell.csv,0.30495552731893266,0.0
722cf0d8__typewell.csv,0.4985349518627041,0.0
7256229b__typewell.csv,0.3392145702902675,0.0
726f3dc2__typewell.csv,0.3892451899358658,0.0
7271dd80__typewell.csv,0.45207782848907035,0.0
727a3a10__typewell.csv,0.6274689940284796,0.0
729665c0__typewell.csv,0.2198443579766537,0.0
729e9750__typewell.csv,0.16978516978516978,0.0
729f4217__typewell.csv,0.04656669297553275,0.0
72dd8501__typewell.csv,0.35889070146818924,0.0
73348914__typewell.csv,0.06850459482038429,0.0
739a914f__typewell.csv,0.4357776739841196,0.0
73b1447d__typewell.csv,0.4705274043433299,0.0
74b6186b__typewell.csv,0.4287169042769857,0.0
75c20ec7__typewell.csv,0.49828515433610976,0.0
75cd5f11__typewell.csv,0.1989389920424403,0.0
75d20a82__typewell.csv,0.0,0.0
76201745__typewell.csv,0.2571247625079164,0.0
764072a5__typewell.csv,0.3355335533553355,0.0
77b0d905__typewell.csv,0.43205768164170827,0.0
77e4821c__typewell.csv,0.12703101920236337,0.0
7850c72e__typewell.csv,0.5196245733788396,0.0
78a4a386__typewell.csv,0.0,0.0
79507629__typewell.csv,0.5654618473895582,0.0
796dbd4c__typewell.csv,0.44102070293692824,0.0
7987f2f2__typewell.csv,0.4289651716361814,0.0
7993a768__typewell.csv,0.010934393638170975,0.0
7a5660b0__typewell.csv,0.44895038167938933,0.0
7acda2df__typewell.csv,0.053642914331465175,0.0
7b2c7b3c__typewell.csv,0.1972318339100346,0.0
7b38844c__typewell.csv,0.041463414634146344,0.0
7bb17b96__typewell.csv,0.051106639839034206,0.0
7c607683__typewell.csv,0.41416100872938894,0.0
7cbbd047__typewell.csv,0.3391255605381166,0.0
7cd4bb31__typewell.csv,0.14386959603118354,0.0
7d50373e__typewell.csv,0.12273057371096587,0.0
7d57c75d__typewell.csv,0.46435361216730037,0.0
7e208414__typewell.csv,0.08320373250388803,0.0
7e721392__typewell.csv,0.0,0.0
7ff89f8f__typewell.csv,0.47962510187449064,0.0
8050c789__typewell.csv,0.45034889962426194,0.0
807f0298__typewell.csv,0.2195290858725762,0.0
811f52b3__typewell.csv,0.41359223300970877,0.0
81bf5923__typewell.csv,0.6110311750599521,0.0
81fc01c6__typewell.csv,0.4428997020854022,0.0
8255c867__typewell.csv,0.4612579762989973,0.0
82aab6d2__typewell.csv,0.4780534351145038,0.0
82fcf37c__typewell.csv,0.04083266613290633,0.0
833af382__typewell.csv,0.38405419489317355,0.0
8382f4b6__typewell.csv,0.07076923076923076,0.0
84633df4__typewell.csv,0.4238213399503722,0.0
8478df29__typewell.csv,0.3808,0.0
84815d5a__typewell.csv,0.46820027063599456,0.0
84c3b497__typewell.csv,0.0,0.0
85380836__typewell.csv,0.24405506883604505,0.0
8612b37f__typewell.csv,0.26556776556776557,0.0
861e71df__typewell.csv,0.42748815165876775,0.0
86454a6f__typewell.csv,0.0,0.0
8648abae__typewell.csv,0.4511173184357542,0.0
865033f8__typewell.csv,0.37756714060031593,0.0
87695469__typewell.csv,0.35441490986862206,0.0
877ed19c__typewell.csv,0.3786008230452675,0.0
87aa3730__typewell.csv,0.2,0.0
884ecb5f__typewell.csv,0.18653198653198652,0.0
8902c3f6__typewell.csv,0.24819102749638206,0.0
896d15b9__typewell.csv,0.03228476821192053,0.0
8995c945__typewell.csv,0.3451481696687972,0.0
89969c7a__typewell.csv,0.43032384690873404,0.0
89f1085d__typewell.csv,0.07104795737122557,0.0
89f36adf__typewell.csv,0.36108774880852257,0.0
89fdb2f2__typewell.csv,0.2160904255319149,0.0
8a3da6d1__typewell.csv,0.3981623277182236,0.0
8a89da23__typewell.csv,0.26025719534598896,0.0
8a9c8932__typewell.csv,0.19934640522875818,0.0
8ac2f237__typewell.csv,0.1720356408498972,0.0
8b12bab6__typewell.csv,0.44020474639367146,0.0
8b5be31b__typewell.csv,0.41714285714285715,0.0
8b95d6d1__typewell.csv,0.16546184738955824,0.0
8b9d8326__typewell.csv,0.371007371007371,0.0
8bb9c1e6__typewell.csv,0.3766769865841073,0.0
8bda1a11__typewell.csv,0.1674774148714385,0.0
8bfa881d__typewell.csv,0.4593453009503696,0.0
8c167025__typewell.csv,0.3725845410628019,0.0
8c8348e8__typewell.csv,0.3579136690647482,0.0
8cc21f01__typewell.csv,0.48261546445251685,0.0
8cc800b3__typewell.csv,0.21234735413839892,0.0
8d5d46d7__typewell.csv,0.24735202492211839,0.0
8d92cb49__typewell.csv,0.07051282051282051,0.0
8f201368__typewell.csv,0.3645449763282483,0.0
90386ee4__typewell.csv,0.15049226441631505,0.0
91abc4c7__typewell.csv,0.0,0.0
91b301ce__typewell.csv,0.22975641869651087,0.0
91db7070__typewell.csv,0.2240868706811451,0.0
925a7cd1__typewell.csv,0.5263644773358002,0.0
9283ae69__typewell.csv,0.3806246691371096,0.0
9298ad5b__typewell.csv,0.36086956521739133,0.0
9314ff13__typewell.csv,0.0,0.0
93209a3d__typewell.csv,0.22085492227979275,0.0
939d9c34__typewell.csv,0.49875,0.0
93f5d2e6__typewell.csv,0.09020217729393468,0.0
940a48d9__typewell.csv,0.3847376788553259,0.0
940e709a__typewell.csv,0.2786683107274969,0.0
9426ec1e__typewell.csv,0.05263157894736842,0.0
94467f50__typewell.csv,0.5601185436071127,0.0
944f36b9__typewell.csv,0.044009779951100246,0.0
94d813a4__typewell.csv,0.44473274519979245,0.0
95b559e7__typewell.csv,0.40019714144898966,0.0
95c8427f__typewell.csv,0.3862928348909657,0.0
96936c22__typewell.csv,0.4841309823677582,0.0
96ae5806__typewell.csv,0.4265477439664218,0.0
96b7eea1__typewell.csv,0.4146341463414634,0.0
9719aa04__typewell.csv,0.4235294117647059,0.0
974802e7__typewell.csv,0.2029422859298378,0.0
97cd5bf9__typewell.csv,0.36824324324324326,0.0
98177ced__typewell.csv,0.5623785464438399,0.0
9896fc0b__typewell.csv,0.24516129032258063,0.0
98bc6f66__typewell.csv,0.34030837004405284,0.0
992c99e8__typewell.csv,0.3889731917046029,0.0
992ce078__typewell.csv,0.0,0.0
99529c45__typewell.csv,0.4397590361445783,0.0
995ff498__typewell.csv,0.25339925834363414,0.0
999daf80__typewell.csv,0.3418708240534521,0.0
9a6b0392__typewell.csv,0.38842544316996874,0.0
9a8ae0d6__typewell.csv,0.27557603686635945,0.0
9a95e33f__typewell.csv,0.0,0.0
9ab94eeb__typewell.csv,0.4236453201970443,0.0
9ad5410a__typewell.csv,0.050513022888713496,0.0
9ae248be__typewell.csv,0.1369969040247678,0.0
9af1ffd0__typewell.csv,0.43304699343102576,0.0
9b5b61c1__typewell.csv,0.3900414937759336,0.0
9b9e3b49__typewell.csv,0.3837090163934426,0.0
9bd2bba3__typewell.csv,0.4872037914691943,0.0
9c211c53__typewell.csv,0.19494538989077978,0.0
9c350a6a__typewell.csv,0.3919449901768173,0.0
9c8375f7__typewell.csv,0.4242571846078909,0.0
9d072e4c__typewell.csv,0.1641261963842609,0.0
9d3ec64c__typewell.csv,0.36788732394366197,0.0
9d4272e3__typewell.csv,0.45818728092138206,0.0
9d5e14d4__typewell.csv,0.0,0.0
9da441ba__typewell.csv,0.06718146718146718,0.0
9dede370__typewell.csv,0.4873477038425492,0.0
9def2eb2__typewell.csv,0.34015927189988626,0.0
9df1b1f9__typewell.csv,0.4327640125090209,0.0
9dfff011__typewell.csv,0.44384546271338726,0.0
9e3e364d__typewell.csv,0.08206686930091185,0.0
9efc812e__typewell.csv,0.1834360027378508,0.0
9f0c7bae__typewell.csv,0.0,0.0
9ffce529__typewell.csv,0.0,0.0
a0383629__typewell.csv,0.32513966480446926,0.0
a056d01e__typewell.csv,0.447032723239046,0.0
a08d9e63__typewell.csv,0.2210386151797603,0.0
a0b83014__typewell.csv,0.44587155963302755,0.0
a0e92ed6__typewell.csv,0.038704581358609796,0.0
a15bc102__typewell.csv,0.46568282970250646,0.0
a247e7cf__typewell.csv,0.20026702269692923,0.0
a2e8e7f6__typewell.csv,0.16546184738955824,0.0
a3518960__typewell.csv,0.5563558497177341,0.0
a3f71395__typewell.csv,0.27738172391445237,0.0
a4719920__typewell.csv,0.1938846421125782,0.0
a48640d9__typewell.csv,0.48155246765692383,0.0
a4cdbb0f__typewell.csv,0.1387491013659238,0.0
a4f989c2__typewell.csv,0.21756487025948104,0.0
a5aa7973__typewell.csv,0.4401390958768008,0.0
a5e6f7dc__typewell.csv,0.2881555686505598,0.0
a612d5a0__typewell.csv,0.3506350082827167,0.0
a622ce4d__typewell.csv,0.20473996050032917,0.0
a645da9a__typewell.csv,0.34771784232365144,0.0
a692b17e__typewell.csv,0.4178313253012048,0.0
a6b8ac67__typewell.csv,0.41561844863731656,0.0
a6ed2eff__typewell.csv,0.4402224281742354,0.0
a6f967fb__typewell.csv,0.5810663764961915,0.0
a76db406__typewell.csv,0.4585721730067744,0.0
a7744f5b__typewell.csv,0.27880597014925373,0.0
a783cc24__typewell.csv,0.10968294772922023,0.0
a79fd2e7__typewell.csv,0.44215755855216465,0.0
a7fc3e6b__typewell.csv,0.3735237572095578,0.0
a85bb86f__typewell.csv,0.47208575256811075,0.0
a85e4bc3__typewell.csv,0.09893390191897655,0.0
a87433c9__typewell.csv,0.4525462962962963,0.0
a8ed028a__typewell.csv,0.5681576144834931,0.0
a959858c__typewell.csv,0.5842758117475374,0.0
a9c9b150__typewell.csv,0.40904522613065325,0.0
aa95015b__typewell.csv,0.2496894409937888,0.0
aaaf3c03__typewell.csv,0.0,0.0
aaeffccb__typewell.csv,0.514461830251304,0.0
ab112491__typewell.csv,0.531350114416476,0.0
ab18d3fc__typewell.csv,0.3835039133052378,0.0
ab3ced07__typewell.csv,0.4461871281773932,0.0
ab6fe95d__typewell.csv,0.3688140993726974,0.0
ab94878e__typewell.csv,0.39101582440020416,0.0
abf460d2__typewell.csv,0.4111558366877516,0.0
ac6f01d5__typewell.csv,0.43213149522799577,0.0
ad2133a8__typewell.csv,0.0,0.0
add9c322__typewell.csv,0.27392120075046905,0.0
ae069086__typewell.csv,0.46490244449428125,0.0
ae0784a8__typewell.csv,0.14072327044025157,0.0
ae35f33a__typewell.csv,0.5536429143314652,0.0
ae8959c3__typewell.csv,0.49893208030756087,0.0
aed44918__typewell.csv,0.07104795737122557,0.0
aee6393a__typewell.csv,0.0,0.0
af7a59ce__typewell.csv,0.07372400756143667,0.0
aff4e561__typewell.csv,0.3545258620689655,0.0
b04b58a3__typewell.csv,0.3235677083333333,0.0
b0d42b0d__typewell.csv,0.19617224880382775,0.0
b0f53bf4__typewell.csv,0.010628019323671498,0.0
b19b0395__typewell.csv,0.12527154236060825,0.0
b1efb8a4__typewell.csv,0.24253132026983618,0.0
b32902c0__typewell.csv,0.39436619718309857,0.0
b32e4903__typewell.csv,0.36050820539968237,0.0
b3388334__typewell.csv,0.0,0.0
b37fd114__typewell.csv,0.2501616031027796,0.0
b38e3116__typewell.csv,0.3740376957791346,0.0
b4d8dd4f__typewell.csv,0.36926360725720386,0.0
b4f37e6e__typewell.csv,0.15691868758915833,0.0
b56bc0aa__typewell.csv,0.42143906020558003,0.0
b585b4fa__typewell.csv,0.33771929824561403,0.0
b5aa9634__typewell.csv,0.1079967023907667,0.0
b7974e66__typewell.csv,0.23726448011165388,0.0
b7cdcecb__typewell.csv,0.1959731543624161,0.0
b7fea9ef__typewell.csv,0.42277777777777775,0.0
b85f7b06__typewell.csv,0.18598382749326145,0.0
b881d27e__typewell.csv,0.233015873015873,0.0
b8c49c1a__typewell.csv,0.5073494547178757,0.0
b95e7121__typewell.csv,0.12017479970866715,0.0
b977be4a__typewell.csv,0.153468815697267,0.0
ba48188d__typewell.csv,0.1487946799667498,0.0
bb2cdd83__typewell.csv,0.3953953953953954,0.0
bb337fa0__typewell.csv,0.1372822299651568,0.0
bb682ebd__typewell.csv,0.42994436014162873,0.0
bc4381e2__typewell.csv,0.010934393638170975,0.0
bcebcc5f__typewell.csv,0.38351351351351354,0.0
bd2c2f34__typewell.csv,0.2694508009153318,0.0
bd4ae5da__typewell.csv,0.4521857923497268,0.0
bd6f0e19__typewell.csv,0.3645449763282483,0.0
bd8f847e__typewell.csv,0.19552669552669552,0.0
be063506__typewell.csv,0.4425393883225209,0.0
be35c8f2__typewell.csv,0.3784097504352873,0.0
be83e781__typewell.csv,0.1989389920424403,0.0
beda8696__typewell.csv,0.3853258081067214,0.0
bf39bc20__typewell.csv,0.27440147329650094,0.0
bf70b410__typewell.csv,0.29279811097992914,0.0
bffe3082__typewell.csv,0.1771545827633379,0.0
c03b9305__typewell.csv,0.44349223352972683,0.0
c03d4aed__typewell.csv,0.38970990695128627,0.0
c03fba65__typewell.csv,0.4934537246049661,0.0
c07fd0cd__typewell.csv,0.5053533190578159,0.0
c1708b88__typewell.csv,0.3872,0.0
c1d046f4__typewell.csv,0.0,0.0
c2717d4f__typewell.csv,0.49413735343383586,0.0
c2c4db09__typewell.csv,0.2939801285797779,0.0
c2c6fc71__typewell.csv,0.5074555074555075,0.0
c36625df__typewell.csv,0.3924242424242424,0.0
c3957531__typewell.csv,0.4929762949956102,0.0
c42fe306__typewell.csv,0.0,0.0
c43812e2__typewell.csv,0.4965485503911643,0.0
c472c0b5__typewell.csv,0.44955419990614737,0.0
c47e0767__typewell.csv,0.46611053180396245,0.0
c50b42f6__typewell.csv,0.42651986596457636,0.0
c593337f__typewell.csv,0.34707287933094383,0.0
c59b6c4a__typewell.csv,0.4608460846084608,0.0
c66be2b8__typewell.csv,0.4378780828292229,0.0
c6797dd7__typewell.csv,0.4942084942084942,0.0
c6b782a4__typewell.csv,0.40749937919046436,0.0
c6c96179__typewell.csv,0.4451079467156638,0.0
c70c0e01__typewell.csv,0.4129137276180141,0.0
c84c65be__typewell.csv,0.3445352083548754,0.0
c8d9680c__typewell.csv,0.12273057371096587,0.0
c908edd0__typewell.csv,0.153468815697267,0.0
c9578d27__typewell.csv,0.26565349544072947,0.0
c96c018a__typewell.csv,0.24875621890547264,0.0
c99f9fae__typewell.csv,0.5024017467248908,0.0
c9e6734f__typewell.csv,0.2179613241560144,0.0
c9e980e8__typewell.csv,0.4599910594546267,0.0
c9fedcf3__typewell.csv,0.4004388370817334,0.0
cad13e8f__typewell.csv,0.563057819169577,0.0
cb34231f__typewell.csv,0.5202386024712399,0.0
cb879f40__typewell.csv,0.25909380982769625,0.0
cbb406b5__typewell.csv,0.403751233958539,0.0
cbe51de1__typewell.csv,0.24511427625041404,0.0
cbe62450__typewell.csv,0.27392120075046905,0.0
cc08aa63__typewell.csv,0.32840909090909093,0.0
cc8a1d57__typewell.csv,0.0,0.0
ccedb12b__typewell.csv,0.4775390625,0.0
cd7f1687__typewell.csv,0.4087665647298675,0.0
cda7eb37__typewell.csv,0.0,0.0
cdc31d65__typewell.csv,0.5582398619499569,0.0
cdc60a53__typewell.csv,0.3711608537220198,0.0
ce55ba43__typewell.csv,0.03881987577639751,0.0
ce8399b7__typewell.csv,0.4620067643742954,0.0
cf50c9d1__typewell.csv,0.369783412572636,0.0
d00e7eb9__typewell.csv,0.41563275434243174,0.0
d011f41b__typewell.csv,0.21756487025948104,0.0
d07aed8f__typewell.csv,0.5075862068965518,0.0
d085e611__typewell.csv,0.2868550368550369,0.0
d0a0e7b5__typewell.csv,0.11911987860394538,0.0
d0a43760__typewell.csv,0.17181534189517528,0.0
d0cb63ae__typewell.csv,0.3629169022046354,0.0
d114d9c2__typewell.csv,0.06915306915306915,0.0
d1457cc5__typewell.csv,0.4182232346241458,0.0
d1ecf309__typewell.csv,0.4415262636273538,0.0
d1ee630d__typewell.csv,0.2687651331719128,0.0
d217e0c5__typewell.csv,0.37632241813602013,0.0
d24ff243__typewell.csv,0.2236503856041131,0.0
d273674e__typewell.csv,0.5381903642773208,0.0
d2f3b1ab__typewell.csv,0.19305277221108885,0.0
d3df146b__typewell.csv,0.23058744091829844,0.0
d40f61d5__typewell.csv,0.36886102403343785,0.0
d41beaf2__typewell.csv,0.3572198275862069,0.0
d463e527__typewell.csv,0.5462870794346009,0.0
d4f60a28__typewell.csv,0.5715875370919882,0.0
d50c649a__typewell.csv,0.2075098814229249,0.0
d543916f__typewell.csv,0.18583450210378682,0.0
d5df0ff5__typewell.csv,0.0,0.0
d60430e6__typewell.csv,0.31564625850340133,0.0
d63196fe__typewell.csv,0.0,0.0
d6c320d9__typewell.csv,0.19787516600265603,0.0
d6dd7330__typewell.csv,0.253324889170361,0.0
d7ba4f9d__typewell.csv,0.34064594759293115,0.0
d7eb0be8__typewell.csv,0.6127029608404967,0.0
d84b621b__typewell.csv,0.36152219873150104,0.0
d90aa14c__typewell.csv,0.4548611111111111,0.0
d924e971__typewell.csv,0.47808764940239046,0.0
d9ae59b2__typewell.csv,0.25166002656042497,0.0
d9d6d94d__typewell.csv,0.365361803084223,0.0
d9eca87b__typewell.csv,0.31070195627157654,0.0
da2d4d7c__typewell.csv,0.09380530973451327,0.0
da3bfe4e__typewell.csv,0.11259259259259259,0.0
da3cf798__typewell.csv,0.4303728070175439,0.0
da940160__typewell.csv,0.41950985103315713,0.0
dafc88c3__typewell.csv,0.09172932330827067,0.0
dbee6c86__typewell.csv,0.47090464547677263,0.0
dc5fbe29__typewell.csv,0.0,0.0
dc7da28f__typewell.csv,0.0,0.0
dc7f9757__typewell.csv,0.3908108108108108,0.0
dd168de0__typewell.csv,0.3337129840546697,0.0
dd64382d__typewell.csv,0.4318987341772152,0.0
dd6bc5b2__typewell.csv,0.5395458104933438,0.0
dd7d638e__typewell.csv,0.3696,0.0
ddc790ff__typewell.csv,0.4631111111111111,0.0
df71d1ff__typewell.csv,0.28263473053892213,0.0
df73b8f3__typewell.csv,0.4473953013278856,0.0
df8290be__typewell.csv,0.3045480713874496,0.0
e0079ed1__typewell.csv,0.27930489731437597,0.0
e03b45fd__typewell.csv,0.4296675191815857,0.0
e0f36d98__typewell.csv,0.31526548672566373,0.0
e149204f__typewell.csv,0.10597014925373134,0.0
e14d641e__typewell.csv,0.351931330472103,0.0
e161bd0c__typewell.csv,0.543468568880963,0.0
e201fd6d__typewell.csv,0.4357218124341412,0.0
e25f1537__typewell.csv,0.43068493150684933,0.0
e2fc7745__typewell.csv,0.3939243027888446,0.0
e32da4ec__typewell.csv,0.10777126099706745,0.0
e3b34f5b__typewell.csv,0.3064761325630891,0.0
e45a2a62__typewell.csv,0.2616136919315403,0.0
e46f4ef4__typewell.csv,0.4166666666666667,0.0
e4726608__typewell.csv,0.24079850280723644,0.0
e5864244__typewell.csv,0.35075885328836426,0.0
e5c92e59__typewell.csv,0.28980990962916797,0.0
e5ff9fd2__typewell.csv,0.5061911837543338,0.0
e6c55748__typewell.csv,0.22910019144862795,0.0
e730c32b__typewell.csv,0.44789762340036565,0.0
e737965a__typewell.csv,0.0,0.0
e748dd88__typewell.csv,0.15604867573371511,0.0
e7818f7a__typewell.csv,0.259526938239159,0.0
e7c36e81__typewell.csv,0.47043010752688175,0.0
e7d0c1de__typewell.csv,0.39235412474849096,0.0
e85074c5__typewell.csv,0.2256783587028458,0.0
e97032ad__typewell.csv,0.4755989352262644,0.0
e9949a23__typewell.csv,0.0,0.0
ea0b99b7__typewell.csv,0.4054945054945055,0.0
ea3a0e38__typewell.csv,0.37541073384446877,0.0
ea41324e__typewell.csv,0.313246162592382,0.0
eabc711b__typewell.csv,0.45712996389891697,0.0
eac10e86__typewell.csv,0.17208016586040084,0.0
eafb863e__typewell.csv,0.36757624398073835,0.0
eb06a4e7__typewell.csv,0.43656716417910446,0.0
eb640a35__typewell.csv,0.35356347438752783,0.0
eb934281__typewell.csv,0.5272491349480969,0.0
eba6605e__typewell.csv,0.4128220491312163,0.0
ebe69318__typewell.csv,0.44306131857999076,0.0
ec0d597b__typewell.csv,0.0,0.0
ec13af42__typewell.csv,0.48204350025290843,0.0
ecdab904__typewell.csv,0.010934393638170975,0.0
ecdaf714__typewell.csv,0.31738623103850644,0.0
ed6436d6__typewell.csv,0.5416293643688451,0.0
ed6e6e54__typewell.csv,0.041463414634146344,0.0
edf885a3__typewell.csv,0.4230985915492958,0.0
ee0300f7__typewell.csv,0.4530132788559755,0.0
ee288beb__typewell.csv,0.22114720110573602,0.0
ee4aecac__typewell.csv,0.10582959641255606,0.0
eeda36f5__typewell.csv,0.11084529505582137,0.0
eeed308d__typewell.csv,0.2968568102444703,0.0
ef04658e__typewell.csv,0.43746616134271793,0.0
ef8e3ed0__typewell.csv,0.1800450112528132,0.0
efde6ac3__typewell.csv,0.2855384615384615,0.0
efe96181__typewell.csv,0.47762694821518353,0.0
f0188a48__typewell.csv,0.4371664240659874,0.0
f021b650__typewell.csv,0.010934393638170975,0.0
f03f10fe__typewell.csv,0.22860791826309068,0.0
f053a1b9__typewell.csv,0.43767160900604063,0.0
f074d277__typewell.csv,0.18068102849200834,0.0
f07d7037__typewell.csv,0.5109619686800895,0.0
f08774c3__typewell.csv,0.0,0.0
f140c2fa__typewell.csv,0.0,0.0
f16e25e3__typewell.csv,0.36936447582835413,0.0
f2d4c8c9__typewell.csv,0.21852576647097194,0.0
f321a31c__typewell.csv,0.20616287600880412,0.0
f40cd091__typewell.csv,0.17148760330578514,0.0
f439a621__typewell.csv,0.30728241563055064,0.0
f49fdea3__typewell.csv,0.010934393638170975,0.0
f4d12d23__typewell.csv,0.4057315233785822,0.0
f56d3ace__typewell.csv,0.4451079467156638,0.0
f5859199__typewell.csv,0.4466423737636648,0.0
f5d8aab6__typewell.csv,0.4701457451810061,0.0
f631da6e__typewell.csv,0.2112676056338028,0.0
f6824bb0__typewell.csv,0.43498596819457436,0.0
f6bc699b__typewell.csv,0.37023743787962454,0.0
f6d009f4__typewell.csv,0.49933362949800086,0.0
f72b268f__typewell.csv,0.22006920415224915,0.0
f8662c22__typewell.csv,0.29390934844192634,0.0
f88ddb26__typewell.csv,0.010934393638170975,0.0
f8afa78a__typewell.csv,0.049206349206349205,0.0
f8f59188__typewell.csv,0.4920100925147183,0.0
f9fc81aa__typewell.csv,0.20264026402640264,0.0
fa16d114__typewell.csv,0.0,0.0
fa31da94__typewell.csv,0.3742449203734212,0.0
fa667be2__typewell.csv,0.20616287600880412,0.0
fae0c593__typewell.csv,0.39782157676348545,0.0
fb03ae90__typewell.csv,0.0,0.0
fb0904bd__typewell.csv,0.4314556331006979,0.0
fb3848a1__typewell.csv,0.0,0.0
fb73b13a__typewell.csv,0.4886569872958258,0.0
fba7683c__typewell.csv,0.44613259668508287,0.0
fbd68d27__typewell.csv,0.23929471032745592,0.0
fc03f21f__typewell.csv,0.4295874822190612,0.0
fc0d20b2__typewell.csv,0.0,0.0
fcfcc902__typewell.csv,0.4087665647298675,0.0
fd3b4faa__typewell.csv,0.44434222631094755,0.0
fd710aea__typewell.csv,0.4627492130115425,0.0
fd8f77fa__typewell.csv,0.4118792599805258,0.0
fde20ecf__typewell.csv,0.39542970690511675,0.0
fdfd57da__typewell.csv,0.48221174453493354,0.0
febb4411__typewell.csv,0.5155201342281879,0.0
fef8af96__typewell.csv,0.11094224924012158,0.0
ff0aea78__typewell.csv,0.4521978021978022,0.0
ff8bb73a__typewell.csv,0.3834625322997416,0.0
ffefef30__typewell.csv,0.44637537239324726,0.0
