filename,TVT,GR
000d7d20__horizontal_well.csv,0.0,0.4278135657446002
00bbac68__horizontal_well.csv,0.0,0.12461965868501125
00e12e8b__horizontal_well.csv,0.0,0.09147869674185463
015fe0d2__horizontal_well.csv,0.0,0.2542857142857143
01869cd4__horizontal_well.csv,0.0,0.4770802919708029
01982c1d__horizontal_well.csv,0.0,0.15142294612493287
028d7b28__horizontal_well.csv,0.0,0.21788429326117767
02e7fe5a__horizontal_well.csv,0.0,0.579849012775842
0390d174__horizontal_well.csv,0.0,0.47959350926077693
03a935ae__horizontal_well.csv,0.0,0.039503386004514675
044af7d1__horizontal_well.csv,0.0,0.6059007746827098
0498acab__horizontal_well.csv,0.0,0.4577114427860697
052d64df__horizontal_well.csv,0.0,0.25359477124183005
05948241__horizontal_well.csv,0.0,0.5477155490051584
059c8f24__horizontal_well.csv,0.0,0.40772693173293323
05a0ee4d__horizontal_well.csv,0.0,0.32076090521482453
060ab2b8__horizontal_well.csv,0.0,0.5674085443847532
06df5958__horizontal_well.csv,0.0,0.15677713832109547
071d7b45__horizontal_well.csv,0.0,0.15550847457627118
0849b4e2__horizontal_well.csv,0.0,0.2280796126949973
084d66f9__horizontal_well.csv,0.0,0.6003196022727273
08fecf00__horizontal_well.csv,0.0,0.24307900067521945
09053135__horizontal_well.csv,0.0,0.37174335709656514
09441b8d__horizontal_well.csv,0.0,0.13252197430696416
0955cd6c__horizontal_well.csv,0.0,0.5807719298245614
09ec2ca9__horizontal_well.csv,0.0,0.513420245398773
0a57a29c__horizontal_well.csv,0.0,0.4961078676675007
0bbf5e67__horizontal_well.csv,0.0,0.5000829049908805
0be01c24__horizontal_well.csv,0.0,0.03837118245888802
0c1b160c__horizontal_well.csv,0.0,0.5126601131963062
0d99f8e4__horizontal_well.csv,0.0,0.5058495081095453
0dc5e64d__horizontal_well.csv,0.0,0.011145210789856244
0dc835f3__horizontal_well.csv,0.0,0.035991665088084865
0dd99dc5__horizontal_well.csv,0.0,0.4708124591592246
0e5e560d__horizontal_well.csv,0.0,0.2465277777777778
109d9d70__horizontal_well.csv,0.0,0.3717313279781234
10a1281a__horizontal_well.csv,0.0,0.047599619203046374
10b89021__horizontal_well.csv,0.0,0.5060005581914597
10be2420__horizontal_well.csv,0.0,0.4687680184508937
113011eb__horizontal_well.csv,0.0,0.47796535847401883
1131525f__horizontal_well.csv,0.0,0.31542898341744774
11d0f5ac__horizontal_well.csv,0.0,0.3731577296958294
12203f2a__horizontal_well.csv,0.0,0.2592666800240433
122bd617__horizontal_well.csv,0.0,0.2933832709113608
125be846__horizontal_well.csv,0.0,0.2412548238516121
1285a37b__horizontal_well.csv,0.0,0.038362825881399436
1295a25b__horizontal_well.csv,0.0,0.4102600540002842
12f0cd90__horizontal_well.csv,0.0,0.25999192571659263
137d1e44__horizontal_well.csv,0.0,0.4365594804371931
13ce113d__horizontal_well.csv,0.0,0.18892307692307692
13f598d9__horizontal_well.csv,0.0,0.5341392433400493
14a53cb3__horizontal_well.csv,0.0,0.12938496583143508
14ab73fb__horizontal_well.csv,0.0,0.4004546315590074
14ad5efb__horizontal_well.csv,0.0,0.17328618063112078
14fee784__horizontal_well.csv,0.0,0.5519825163908836
153552f5__horizontal_well.csv,0.0,0.1875961834410588
1550491d__horizontal_well.csv,0.0,0.038117726429414744
155887bb__horizontal_well.csv,0.0,0.24936278674596432
1590af81__horizontal_well.csv,0.0,0.17300707321735806
15e154a1__horizontal_well.csv,0.0,0.47811404078451747
1619e2ca__horizontal_well.csv,0.0,0.3608797067644119
16e4a047__horizontal_well.csv,0.0,0.5520760028149191
173ed841__horizontal_well.csv,0.0,0.36049004594180706
1770d7c6__horizontal_well.csv,0.0,0.0449512114899682
177622d7__horizontal_well.csv,0.0,0.4732921898276229
18d24f7b__horizontal_well.csv,0.0,0.12124600638977635
19137a89__horizontal_well.csv,0.0,0.0816788137723046
1944513c__horizontal_well.csv,0.0,0.07622367025306864
197f8a5a__horizontal_well.csv,0.0,0.5179437439379243
19871e7f__horizontal_well.csv,0.0,0.141079418344519
198a5607__horizontal_well.csv,0.0,0.24956758092414133
19fb4f7b__horizontal_well.csv,0.0,0.03786444528587656
1a518997__horizontal_well.csv,0.0,0.36644254278728605
1a68190b__horizontal_well.csv,0.0,0.2363888034450938
1a730ac2__horizontal_well.csv,0.0,0.29707389651182015
1aaf1da0__horizontal_well.csv,0.0,0.2369878183831672
1b08ed48__horizontal_well.csv,0.0,0.5485714285714286
1b1c5372__horizontal_well.csv,0.0,0.25707872928176795
1b1eba53__horizontal_well.csv,0.0,0.14023845007451566
1b6ba517__horizontal_well.csv,0.0,0.42016026013238883
1b82b665__horizontal_well.csv,0.0,0.10048471290082028
1bcb2fcf__horizontal_well.csv,0.0,0.07255723960012898
1beca81d__horizontal_well.csv,0.0,0.4473684210526316
1d3fbf02__horizontal_well.csv,0.0,0.3306679209783631
1d78281a__horizontal_well.csv,0.0,0.19251101321585903
1e30dedf__horizontal_well.csv,0.0,0.4504932407745707
1e5e3573__horizontal_well.csv,0.0,0.5637103564412013
1f9afacb__horizontal_well.csv,0.0,0.38857385880351575
1fdbba44__horizontal_well.csv,0.0,0.19358913627033003
1fee2b62__horizontal_well.csv,0.0,0.5546417839633085
20096916__horizontal_well.csv,0.0,0.48372093023255813
200d233d__horizontal_well.csv,0.0,0.06580732700135686
201661b5__horizontal_well.csv,0.0,0.058751229105211404
203721ab__horizontal_well.csv,0.0,0.20027643400138218
20402d71__horizontal_well.csv,0.0,0.012736443883984868
2043abc5__horizontal_well.csv,0.0,0.6591095970868084
204cc64b__horizontal_well.csv,0.0,0.32816857762627827
206b6193__horizontal_well.csv,0.0,0.03699813258636788
2075c696__horizontal_well.csv,0.0,0.08225806451612903
22c5f93f__horizontal_well.csv,0.0,0.5499349616996676
230eaaa3__horizontal_well.csv,0.0,0.1824523329716323
2364716c__horizontal_well.csv,0.0,0.2773674708682094
23b9beb0__horizontal_well.csv,0.0,0.2111490329920364
24d8997e__horizontal_well.csv,0.0,0.12259059367771781
25050f63__horizontal_well.csv,0.0,0.04570230607966457
25939962__horizontal_well.csv,0.0,0.579805633338824
25fd32b3__horizontal_well.csv,0.0,0.22855257369115706
261785ee__horizontal_well.csv,0.0,0.3309143686502177
264feceb__horizontal_well.csv,0.0,0.041576673866090715
26623a50__horizontal_well.csv,0.0,0.26380532156705444
26d3a96a__horizontal_well.csv,0.0,0.31848414539829856
272abef3__horizontal_well.csv,0.0,0.04611052446321718
27300fd5__horizontal_well.csv,0.0,0.033712428919577576
276b012a__horizontal_well.csv,0.0,0.14751231918613894
27c3155b__horizontal_well.csv,0.0,0.03342457859098113
27ebb9b9__horizontal_well.csv,0.0,0.19278525682917266
283269ac__horizontal_well.csv,0.0,0.585942631924677
28473855__horizontal_well.csv,0.0,0.030362537764350453
28f4eda9__horizontal_well.csv,0.0,0.22098475967174677
29b24409__horizontal_well.csv,0.0,0.5614129702035864
29de15c8__horizontal_well.csv,0.0,0.04124709527498063
2ab29395__horizontal_well.csv,0.0,0.29834586466165414
2ac7cb6b__horizontal_well.csv,0.0,0.04154394667493412
2acc78d4__horizontal_well.csv,0.0,0.5982975937141922
2b034622__horizontal_well.csv,0.0,0.27303653305724007
2b06ad65__horizontal_well.csv,0.0,0.04100946372239748
2b547943__horizontal_well.csv,0.0,0.3172870785421945
2be5c96a__horizontal_well.csv,0.0,0.7297062402224926
2bff06cf__horizontal_well.csv,0.0,0.47569217353390014
2c0c4a4e__horizontal_well.csv,0.0,0.05223991665426403
2cee0cba__horizontal_well.csv,0.0,0.4274028629856851
2d0c268a__horizontal_well.csv,0.0,0.2606137700747337
2d179ded__horizontal_well.csv,0.0,0.4197289972899729
2d196986__horizontal_well.csv,0.0,0.012025012025012025
2d2d0c6b__horizontal_well.csv,0.0,0.6052820439213434
2d35f86d__horizontal_well.csv,0.0,0.2420036210018105
2d9f6cb9__horizontal_well.csv,0.0,0.03836791468644952
2ddad940__horizontal_well.csv,0.0,0.15560775102759836
2e29e833__horizontal_well.csv,0.0,0.043010752688172046
2e43c2ea__horizontal_well.csv,0.0,0.33433120152401685
2e63d9de__horizontal_well.csv,0.0,0.1481936971560338
2ee0235b__horizontal_well.csv,0.0,0.11273428886438809
2f19d536__horizontal_well.csv,0.0,0.30649241146711637
2f8e53c3__horizontal_well.csv,0.0,0.3520445197193322
2fa01aa6__horizontal_well.csv,0.0,0.26709844559585494
2fd68f7b__horizontal_well.csv,0.0,0.5626077417332707
2fe023be__horizontal_well.csv,0.0,0.4127062706270627
30d75030__horizontal_well.csv,0.0,0.17448592533439808
310c71a5__horizontal_well.csv,0.0,0.13480251860332
32fe84c9__horizontal_well.csv,0.0,0.14737228959941198
33c40295__horizontal_well.csv,0.0,0.07430288862915345
3407f5bf__horizontal_well.csv,0.0,0.40723300056507816
3417285d__horizontal_well.csv,0.0,0.08031643872351837
347242c8__horizontal_well.csv,0.0,0.04837226411624057
353e5502__horizontal_well.csv,0.0,0.15415770155676498
357c12f9__horizontal_well.csv,0.0,0.11091854419410745
3584a6eb__horizontal_well.csv,0.0,0.17560975609756097
35b30c7f__horizontal_well.csv,0.0,0.4256433007985803
35b3ef6a__horizontal_well.csv,0.0,0.3568688981868898
367456ce__horizontal_well.csv,0.0,0.34463894967177244
368131f9__horizontal_well.csv,0.0,0.6073386114494519
368fe682__horizontal_well.csv,0.0,0.036471321695760596
3690a146__horizontal_well.csv,0.0,0.16663773650407915
37344c2a__horizontal_well.csv,0.0,0.14071726919199193
373ef48b__horizontal_well.csv,0.0,0.39042467948717946
374be387__horizontal_well.csv,0.0,0.5909167937637688
37d36812__horizontal_well.csv,0.0,0.2273558251620409
38991fd4__horizontal_well.csv,0.0,0.25729564553093964
389ae58f__horizontal_well.csv,0.0,0.1865626143153274
3932faa6__horizontal_well.csv,0.0,0.2908770979967515
398dce4b__horizontal_well.csv,0.0,0.44255744255744256
39b51819__horizontal_well.csv,0.0,0.5299279222814165
3a0af893__horizontal_well.csv,0.0,0.48951965065502184
3a223519__horizontal_well.csv,0.0,0.12262574076888011
3a7dd95d__horizontal_well.csv,0.0,0.4289351851851852
3a824aa7__horizontal_well.csv,0.0,0.46724198661500527
3a86fe8d__horizontal_well.csv,0.0,0.4505477784540475
3aaa2b30__horizontal_well.csv,0.0,0.2795497185741088
3ac16ad0__horizontal_well.csv,0.0,0.24919050188882894
3b21ea64__horizontal_well.csv,0.0,0.054817093265956275
3bbe1f5d__horizontal_well.csv,0.0,0.4051808406647116
3bfee975__horizontal_well.csv,0.0,0.5780267295597484
3c3dbcbc__horizontal_well.csv,0.0,0.5324844450875416
3d96d897__horizontal_well.csv,0.0,0.06688120889883867
3df4b19e__horizontal_well.csv,0.0,0.2805647341544007
3e011332__horizontal_well.csv,0.0,0.01900041305245766
3e678ea7__horizontal_well.csv,0.0,0.3858303765594598
3ef6372a__horizontal_well.csv,0.0,0.03885388538853885
3ef98781__horizontal_well.csv,0.0,0.039303761931499155
3f603129__horizontal_well.csv,0.0,0.3009546901045613
404c4384__horizontal_well.csv,0.0,0.19716692189892804
4121c517__horizontal_well.csv,0.0,0.32791080241272164
41fb0192__horizontal_well.csv,0.0,0.05866240584341475
42669188__horizontal_well.csv,0.0,0.07467105263157894
42c538a1__horizontal_well.csv,0.0,0.2251154976900462
43b06c70__horizontal_well.csv,0.0,0.1535660091047041
43c7f85a__horizontal_well.csv,0.0,0.4877071084981293
43e16325__horizontal_well.csv,0.0,0.1769033361847733
44441e54__horizontal_well.csv,0.0,0.35955459770114945
445af6c2__horizontal_well.csv,0.0,0.14591147786946737
4463446c__horizontal_well.csv,0.0,0.18841192641150348
44a94013__horizontal_well.csv,0.0,0.24229821318545902
45fb3e21__horizontal_well.csv,0.0,0.47724848915748314
460f859e__horizontal_well.csv,0.0,0.572059413890004
4630ab92__horizontal_well.csv,0.0,0.24571320896928586
463c38f2__horizontal_well.csv,0.0,0.20601851851851852
4654e7de__horizontal_well.csv,0.0,0.04935805991440799
466fc788__horizontal_well.csv,0.0,0.4551306810866486
46a301e9__horizontal_well.csv,0.0,0.43977113029512144
46a7190b__horizontal_well.csv,0.0,0.35476443499822885
46d24a09__horizontal_well.csv,0.0,0.20088192062714355
46d41ff6__horizontal_well.csv,0.0,0.307175373943204
46dfcfca__horizontal_well.csv,0.0,0.46047551310709206
47222616__horizontal_well.csv,0.0,0.16606683804627248
47ee27ab__horizontal_well.csv,0.0,0.1752477640802514
481de5fc__horizontal_well.csv,0.0,0.34325448401351705
48c1f673__horizontal_well.csv,0.0,0.07801114444920702
4936af16__horizontal_well.csv,0.0,0.5137614678899083
493b5b31__horizontal_well.csv,0.0,0.0421266705403835
49dbc14c__horizontal_well.csv,0.0,0.6098499422854944
4a035ec2__horizontal_well.csv,0.0,0.08867757629367537
4a335117__horizontal_well.csv,0.0,0.267727070016352
4a8ecc0b__horizontal_well.csv,0.0,0.018307567127746133
4b462989__horizontal_well.csv,0.0,0.3676656817222457
4b831d20__horizontal_well.csv,0.0,0.03699777377292484
4c2208f5__horizontal_well.csv,0.0,0.03780353200883002
4c3168cf__horizontal_well.csv,0.0,0.212116126866924
4c3df468__horizontal_well.csv,0.0,0.48442706069824715
4caa7289__horizontal_well.csv,0.0,0.5621534870148818
4cd1ac61__horizontal_well.csv,0.0,0.10866000894321061
4cecf7b3__horizontal_well.csv,0.0,0.45544554455445546
4ddde4c1__horizontal_well.csv,0.0,0.06887953872526102
4e050c92__horizontal_well.csv,0.0,0.17303284950343775
4ed93db6__horizontal_well.csv,0.0,0.03940886699507389
4f3eb9e9__horizontal_well.csv,0.0,0.05599729318220267
4f4ac5ce__horizontal_well.csv,0.0,0.5616756051601681
4f4afcc6__horizontal_well.csv,0.0,0.066815144766147
4f69febf__horizontal_well.csv,0.0,0.03237268061587051
4fbe9c06__horizontal_well.csv,0.0,0.5982615268329554
504c8b08__horizontal_well.csv,0.0,0.18459810284573142
511e1db0__horizontal_well.csv,0.0,0.06341895482728079
512943b2__horizontal_well.csv,0.0,0.7284837599161802
5138a660__horizontal_well.csv,0.0,0.38496583143507973
516088b7__horizontal_well.csv,0.0,0.5457831325301205
521a7819__horizontal_well.csv,0.0,0.14562569213732005
5254b6db__horizontal_well.csv,0.0,0.2129032258064516
529e88ca__horizontal_well.csv,0.0,0.5000951837045498
52f1e77a__horizontal_well.csv,0.0,0.06063109202048571
5305524b__horizontal_well.csv,0.0,0.3256930463063342
53134831__horizontal_well.csv,0.0,0.5357637926254505
5397ceb1__horizontal_well.csv,0.0,0.07957715460284834
53f23031__horizontal_well.csv,0.0,0.035
543198e8__horizontal_well.csv,0.0,0.26988328720972204
54753541__horizontal_well.csv,0.0,0.2674766684275401
54a7e3c2__horizontal_well.csv,0.0,0.30964145445331304
5542c301__horizontal_well.csv,0.0,0.45775814467145226
5567d551__horizontal_well.csv,0.0,0.6386174016686531
55efee7f__horizontal_well.csv,0.0,0.05732096700623385
5663b2b7__horizontal_well.csv,0.0,0.14579412190531346
5693dde2__horizontal_well.csv,0.0,0.5208419314898886
56b00794__horizontal_well.csv,0.0,0.4427533251062663
57796579__horizontal_well.csv,0.0,0.06468118604040934
577eec7c__horizontal_well.csv,0.0,0.30829909613804435
57f05c51__horizontal_well.csv,0.0,0.05896881753627663
58850d2c__horizontal_well.csv,0.0,0.02023706273489448
58fa8486__horizontal_well.csv,0.0,0.2660790075089781
591cc951__horizontal_well.csv,0.0,0.038236617183985605
593876b6__horizontal_well.csv,0.0,0.040684888469996856
59f8b2e8__horizontal_well.csv,0.0,0.323923782639379
5a1a8fd8__horizontal_well.csv,0.0,0.4913413560316994
5a5269a9__horizontal_well.csv,0.0,0.4485284986961381
5a5d1982__horizontal_well.csv,0.0,0.2855306647080426
5a63b5d1__horizontal_well.csv,0.0,0.5327868852459017
5aa03df7__horizontal_well.csv,0.0,0.28125
5aa403d0__horizontal_well.csv,0.0,0.5370055295618885
5aef5c6c__horizontal_well.csv,0.0,0.6181743251596951
5b7b6324__horizontal_well.csv,0.0,0.5292180065877761
5bd25f59__horizontal_well.csv,0.0,0.02712418300653595
5beded95__horizontal_well.csv,0.0,0.5436283741368487
5cb483ac__horizontal_well.csv,0.0,0.10910487898578564
5cdd8dbc__horizontal_well.csv,0.0,0.37263084680925057
5d11dfb5__horizontal_well.csv,0.0,0.43373021065026823
5d7198fd__horizontal_well.csv,0.0,0.04210965186574943
5def1ce5__horizontal_well.csv,0.0,0.028010503938977117
5eae34a8__horizontal_well.csv,0.0,0.4555021046301864
5f4d2a52__horizontal_well.csv,0.0,0.18250843644544432
5f6756c5__horizontal_well.csv,0.0,0.0339781746031746
5f75f796__horizontal_well.csv,0.0,0.440606226105953
5fb1c15f__horizontal_well.csv,0.0,0.4698373481572987
5fffa282__horizontal_well.csv,0.0,0.09127430499758958
60e37807__horizontal_well.csv,0.0,0.023270846800258566
61f27424__horizontal_well.csv,0.0,0.08248411461455461
62569ae3__horizontal_well.csv,0.0,0.26936283861121707
62a6f539__horizontal_well.csv,0.0,0.6244051018465638
633774dc__horizontal_well.csv,0.0,0.3345459106874059
63559d57__horizontal_well.csv,0.0,0.5716006884681584
647f2a41__horizontal_well.csv,0.0,0.30945853324194655
65156b96__horizontal_well.csv,0.0,0.04855330955212049
653612bc__horizontal_well.csv,0.0,0.038681466532122434
656a067b__horizontal_well.csv,0.0,0.19178921568627452
65a5466a__horizontal_well.csv,0.0,0.24701651136177866
660d9546__horizontal_well.csv,0.0,0.18697068403908795
6767c111__horizontal_well.csv,0.0,0.4861144361982284
67847288__horizontal_well.csv,0.0,0.4654458251580554
67a8da4a__horizontal_well.csv,0.0,0.17351392024078255
684a6fc1__horizontal_well.csv,0.0,0.49462835182111975
698930d1__horizontal_well.csv,0.0,0.1180363188673438
699ea575__horizontal_well.csv,0.0,0.4238217025940811
69c1bdad__horizontal_well.csv,0.0,0.37007534983853607
69e41fa6__horizontal_well.csv,0.0,0.40449281428770756
6a0ff78e__horizontal_well.csv,0.0,0.04182509505703422
6a8fa194__horizontal_well.csv,0.0,0.060768735237277216
6ae68655__horizontal_well.csv,0.0,0.1886348352387357
6d1d74e1__horizontal_well.csv,0.0,0.29346637506834333
6d590e26__horizontal_well.csv,0.0,0.30107115531752104
6d6d93af__horizontal_well.csv,0.0,0.40395852968897267
6dbe4b60__horizontal_well.csv,0.0,0.46875468305110146
6e6d122c__horizontal_well.csv,0.0,0.25808273330509673
6e9ccd38__horizontal_well.csv,0.0,0.03929722424368438
6ea22614__horizontal_well.csv,0.0,0.429566759564226
6ede926a__horizontal_well.csv,0.0,0.34677541156924935
708caea9__horizontal_well.csv,0.0,0.19771280358406038
70925e23__horizontal_well.csv,0.0,0.10493062438057482
70e1788b__horizontal_well.csv,0.0,0.040571529370259304
71642c7d__horizontal_well.csv,0.0,0.22412498122277302
71ccf778__horizontal_well.csv,0.0,0.045208738914125024
7224331b__horizontal_well.csv,0.0,0.6897964578376949
722cf0d8__horizontal_well.csv,0.0,0.03876288659793815
7256229b__horizontal_well.csv,0.0,0.6462994836488812
726f3dc2__horizontal_well.csv,0.0,0.3556096995011022
7271dd80__horizontal_well.csv,0.0,0.04388551604509974
727a3a10__horizontal_well.csv,0.0,0.2735730053610848
729665c0__horizontal_well.csv,0.0,0.4192207792207792
729e9750__horizontal_well.csv,0.0,0.5607917059377945
729f4217__horizontal_well.csv,0.0,0.5
72dd8501__horizontal_well.csv,0.0,0.48571016166281755
73348914__horizontal_well.csv,0.0,0.2017235314808301
739a914f__horizontal_well.csv,0.0,0.4049733570159858
73b1447d__horizontal_well.csv,0.0,0.3457856952938048
74b6186b__horizontal_well.csv,0.0,0.6142191142191142
75c20ec7__horizontal_well.csv,0.0,0.6283136710617626
75cd5f11__horizontal_well.csv,0.0,0.2517940717628705
75d20a82__horizontal_well.csv,0.0,0.1419594401599543
76201745__horizontal_well.csv,0.0,0.4713212700580403
764072a5__horizontal_well.csv,0.0,0.5690030474531999
77b0d905__horizontal_well.csv,0.0,0.2277562046260341
77e4821c__horizontal_well.csv,0.0,0.5870030581039756
7850c72e__horizontal_well.csv,0.0,0.044605809128630707
78a4a386__horizontal_well.csv,0.0,0.20765289785462696
79507629__horizontal_well.csv,0.0,0.12800546448087433
796dbd4c__horizontal_well.csv,0.0,0.37191721402899985
7987f2f2__horizontal_well.csv,0.0,0.44872243612180607
7993a768__horizontal_well.csv,0.0,0.17170427132112956
7a5660b0__horizontal_well.csv,0.0,0.037197231833910036
7acda2df__horizontal_well.csv,0.0,0.11884885764499122
7b2c7b3c__horizontal_well.csv,0.0,0.03616166390924131
7b38844c__horizontal_well.csv,0.0,0.11891475851452761
7bb17b96__horizontal_well.csv,0.0,0.4198300283286119
7c607683__horizontal_well.csv,0.0,0.3348093129552921
7cbbd047__horizontal_well.csv,0.0,0.15169366715758467
7cd4bb31__horizontal_well.csv,0.0,0.3112200025128785
7d50373e__horizontal_well.csv,0.0,0.253002771789344
7d57c75d__horizontal_well.csv,0.0,0.08654628273954774
7e208414__horizontal_well.csv,0.0,0.08339148639218423
7e721392__horizontal_well.csv,0.0,0.537043729671124
7ff89f8f__horizontal_well.csv,0.0,0.20348044868434847
8050c789__horizontal_well.csv,0.0,0.2512145748987854
807f0298__horizontal_well.csv,0.0,0.3829787234042553
811f52b3__horizontal_well.csv,0.0,0.06233143542103686
81bf5923__horizontal_well.csv,0.0,0.07579079235828375
81fc01c6__horizontal_well.csv,0.0,0.164467668190725
8255c867__horizontal_well.csv,0.0,0.218433870363432
82aab6d2__horizontal_well.csv,0.0,0.3545443021929269
82fcf37c__horizontal_well.csv,0.0,0.5218331756117345
833af382__horizontal_well.csv,0.0,0.2687372140598847
8382f4b6__horizontal_well.csv,0.0,0.6019461077844311
84633df4__horizontal_well.csv,0.0,0.525673463312993
8478df29__horizontal_well.csv,0.0,0.6107793371155569
84815d5a__horizontal_well.csv,0.0,0.24423004161937192
84c3b497__horizontal_well.csv,0.0,0.17366051981995062
85380836__horizontal_well.csv,0.0,0.41590214067278286
8612b37f__horizontal_well.csv,0.0,0.5661818716027619
861e71df__horizontal_well.csv,0.0,0.13192234245703374
86454a6f__horizontal_well.csv,0.0,0.800989010989011
8648abae__horizontal_well.csv,0.0,0.047157410450213606
865033f8__horizontal_well.csv,0.0,0.5725061286064492
87695469__horizontal_well.csv,0.0,0.4276635082042986
877ed19c__horizontal_well.csv,0.0,0.2770378263185935
87aa3730__horizontal_well.csv,0.0,0.2155491567256273
884ecb5f__horizontal_well.csv,0.0,0.04122175316612863
8902c3f6__horizontal_well.csv,0.0,0.4610439308127966
896d15b9__horizontal_well.csv,0.0,0.6061776061776062
8995c945__horizontal_well.csv,0.0,0.11075872163942425
89969c7a__horizontal_well.csv,0.0,0.3591894886813361
89f1085d__horizontal_well.csv,0.0,0.31772709083633455
89f36adf__horizontal_well.csv,0.0,0.5557449225962221
89fdb2f2__horizontal_well.csv,0.0,0.44201680672268906
8a3da6d1__horizontal_well.csv,0.0,0.40637827597095044
8a89da23__horizontal_well.csv,0.0,0.1503139013452915
8a9c8932__horizontal_well.csv,0.0,0.044451450189155105
8ac2f237__horizontal_well.csv,0.0,0.045313653136531365
8b12bab6__horizontal_well.csv,0.0,0.5507163323782235
8b5be31b__horizontal_well.csv,0.0,0.5694313751848367
8b95d6d1__horizontal_well.csv,0.0,0.4024434063959756
8b9d8326__horizontal_well.csv,0.0,0.6066138917262512
8bb9c1e6__horizontal_well.csv,0.0,0.1178314008147916
8bda1a11__horizontal_well.csv,0.0,0.5274267276149502
8bfa881d__horizontal_well.csv,0.0,0.4220434708197844
8c167025__horizontal_well.csv,0.0,0.13285533530156052
8c8348e8__horizontal_well.csv,0.0,0.26411037448485936
8cc21f01__horizontal_well.csv,0.0,0.3212194281777472
8cc800b3__horizontal_well.csv,0.0,0.041527623285131626
8d5d46d7__horizontal_well.csv,0.0,0.24210381763251854
8d92cb49__horizontal_well.csv,0.0,0.1959082455052697
8f201368__horizontal_well.csv,0.0,0.4859526438473807
90386ee4__horizontal_well.csv,0.0,0.44551282051282054
91abc4c7__horizontal_well.csv,0.0,0.5676126878130217
91b301ce__horizontal_well.csv,0.0,0.13992011278195488
91db7070__horizontal_well.csv,0.0,0.2947219270279844
925a7cd1__horizontal_well.csv,0.0,0.1601292108906322
9283ae69__horizontal_well.csv,0.0,0.35130910511918717
9298ad5b__horizontal_well.csv,0.0,0.4532460823144481
9314ff13__horizontal_well.csv,0.0,0.03983088562527815
93209a3d__horizontal_well.csv,0.0,0.5346031746031746
939d9c34__horizontal_well.csv,0.0,0.4249283235249736
93f5d2e6__horizontal_well.csv,0.0,0.2949139431444595
940a48d9__horizontal_well.csv,0.0,0.18571174693442333
940e709a__horizontal_well.csv,0.0,0.3433553818400481
9426ec1e__horizontal_well.csv,0.0,0.1363752230435891
94467f50__horizontal_well.csv,0.0,0.25449569976544173
944f36b9__horizontal_well.csv,0.0,0.1575807787903894
94d813a4__horizontal_well.csv,0.0,0.26612046730389927
95b559e7__horizontal_well.csv,0.0,0.22984044846916774
95c8427f__horizontal_well.csv,0.0,0.1853185939634828
96936c22__horizontal_well.csv,0.0,0.1737042225335201
96ae5806__horizontal_well.csv,0.0,0.552181833955062
96b7eea1__horizontal_well.csv,0.0,0.3761105626850938
9719aa04__horizontal_well.csv,0.0,0.040960240060015
974802e7__horizontal_well.csv,0.0,0.5636194772455885
97cd5bf9__horizontal_well.csv,0.0,0.606001176701314
98177ced__horizontal_well.csv,0.0,0.0410958904109589
9896fc0b__horizontal_well.csv,0.0,0.37874339401056956
98bc6f66__horizontal_well.csv,0.0,0.4227979274611399
992c99e8__horizontal_well.csv,0.0,0.3497032640949555
992ce078__horizontal_well.csv,0.0,0.04119287706500751
99529c45__horizontal_well.csv,0.0,0.5368199183243314
995ff498__horizontal_well.csv,0.0,0.5234209237799902
999daf80__horizontal_well.csv,0.0,0.08310351167494025
9a6b0392__horizontal_well.csv,0.0,0.48345398138572904
9a8ae0d6__horizontal_well.csv,0.0,0.49725590299936184
9a95e33f__horizontal_well.csv,0.0,0.13376655223148604
9ab94eeb__horizontal_well.csv,0.0,0.504708097928437
9ad5410a__horizontal_well.csv,0.0,0.08053574534701688
9ae248be__horizontal_well.csv,0.0,0.2984222389181067
9af1ffd0__horizontal_well.csv,0.0,0.06215621562156216
9b5b61c1__horizontal_well.csv,0.0,0.11143451143451144
9b9e3b49__horizontal_well.csv,0.0,0.5269818181818182
9bd2bba3__horizontal_well.csv,0.0,0.03783545974483062
9c211c53__horizontal_well.csv,0.0,0.47760687627233656
9c350a6a__horizontal_well.csv,0.0,0.4312291506286887
9c8375f7__horizontal_well.csv,0.0,0.2555228276877761
9d072e4c__horizontal_well.csv,0.0,0.1404824948514269
9d3ec64c__horizontal_well.csv,0.0,0.1843224630342313
9d4272e3__horizontal_well.csv,0.0,0.5184543406688615
9d5e14d4__horizontal_well.csv,0.0,0.5273419649657274
9da441ba__horizontal_well.csv,0.0,0.21227516133461485
9dede370__horizontal_well.csv,0.0,0.37098175499565594
9def2eb2__horizontal_well.csv,0.0,0.11883870967741936
9df1b1f9__horizontal_well.csv,0.0,0.6520794537554314
9dfff011__horizontal_well.csv,0.0,0.3486072193835504
9e3e364d__horizontal_well.csv,0.0,0.5167843002237906
9efc812e__horizontal_well.csv,0.0,0.021475409836065575
9f0c7bae__horizontal_well.csv,0.0,0.27673267326732676
9ffce529__horizontal_well.csv,0.0,0.36179775280898874
a0383629__horizontal_well.csv,0.0,0.5237413815532718
a056d01e__horizontal_well.csv,0.0,0.24493487698986977
a08d9e63__horizontal_well.csv,0.0,0.2229274860550106
a0b83014__horizontal_well.csv,0.0,0.5331005383384257
a0e92ed6__horizontal_well.csv,0.0,0.4500465404902265
a15bc102__horizontal_well.csv,0.0,0.5351288056206089
a247e7cf__horizontal_well.csv,0.0,0.5583805444244853
a2e8e7f6__horizontal_well.csv,0.0,0.4265313145216793
a3518960__horizontal_well.csv,0.0,0.03561212814645309
a3f71395__horizontal_well.csv,0.0,0.09133522727272728
a4719920__horizontal_well.csv,0.0,0.6310873915943963
a48640d9__horizontal_well.csv,0.0,0.12587306407531126
a4cdbb0f__horizontal_well.csv,0.0,0.041278295605858856
a4f989c2__horizontal_well.csv,0.0,0.04726651480637813
a5aa7973__horizontal_well.csv,0.0,0.3536982477903551
a5e6f7dc__horizontal_well.csv,0.0,0.5122084299549857
a612d5a0__horizontal_well.csv,0.0,0.04581005586592179
a622ce4d__horizontal_well.csv,0.0,0.433950540574127
a645da9a__horizontal_well.csv,0.0,0.17632279042270174
a692b17e__horizontal_well.csv,0.0,0.596968016269181
a6b8ac67__horizontal_well.csv,0.0,0.07154054439219039
a6ed2eff__horizontal_well.csv,0.0,0.5215480578395236
a6f967fb__horizontal_well.csv,0.0,0.03996018202502844
a76db406__horizontal_well.csv,0.0,0.011626104479925592
a7744f5b__horizontal_well.csv,0.0,0.15755359813860728
a783cc24__horizontal_well.csv,0.0,0.10351145038167939
a79fd2e7__horizontal_well.csv,0.0,0.45345345345345345
a7fc3e6b__horizontal_well.csv,0.0,0.6069300721229225
a85bb86f__horizontal_well.csv,0.0,0.1503921568627451
a85e4bc3__horizontal_well.csv,0.0,0.4882362756549308
a87433c9__horizontal_well.csv,0.0,0.5418230563002681
a8ed028a__horizontal_well.csv,0.0,0.04555403556771546
a959858c__horizontal_well.csv,0.0,0.5625649913344888
a9c9b150__horizontal_well.csv,0.0,0.5020597322348095
aa95015b__horizontal_well.csv,0.0,0.33275473008158307
aaaf3c03__horizontal_well.csv,0.0,0.06006768189509306
aaeffccb__horizontal_well.csv,0.0,0.5433929350196249
ab112491__horizontal_well.csv,0.0,0.04583449428810254
ab18d3fc__horizontal_well.csv,0.0,0.294534550906365
ab3ced07__horizontal_well.csv,0.0,0.43641810918774965
ab6fe95d__horizontal_well.csv,0.0,0.23626077586206898
ab94878e__horizontal_well.csv,0.0,0.04443282801881861
abf460d2__horizontal_well.csv,0.0,0.5120722233886206
ac6f01d5__horizontal_well.csv,0.0,0.024074899687917966
ad2133a8__horizontal_well.csv,0.0,0.2767496869347433
add9c322__horizontal_well.csv,0.0,0.5502808479797064
ae069086__horizontal_well.csv,0.0,0.006527221480492508
ae0784a8__horizontal_well.csv,0.0,0.5350561552720532
ae35f33a__horizontal_well.csv,0.0,0.3019013757922399
ae8959c3__horizontal_well.csv,0.0,0.07735139202407826
aed44918__horizontal_well.csv,0.0,0.6574626865671642
aee6393a__horizontal_well.csv,0.0,0.48866498740554154
af7a59ce__horizontal_well.csv,0.0,0.2575057736720554
aff4e561__horizontal_well.csv,0.0,0.3441667745694678
b04b58a3__horizontal_well.csv,0.0,0.05488621151271754
b0d42b0d__horizontal_well.csv,0.0,0.5338996381941167
b0f53bf4__horizontal_well.csv,0.0,0.2743931461208948
b19b0395__horizontal_well.csv,0.0,0.039744302390216785
b1efb8a4__horizontal_well.csv,0.0,0.04972229568897117
b32902c0__horizontal_well.csv,0.0,0.4842252048108768
b32e4903__horizontal_well.csv,0.0,0.062129380053908355
b3388334__horizontal_well.csv,0.0,0.22966568464198797
b37fd114__horizontal_well.csv,0.0,0.08542816268138156
b38e3116__horizontal_well.csv,0.0,0.05280362081971335
b4d8dd4f__horizontal_well.csv,0.0,0.11237095955322389
b4f37e6e__horizontal_well.csv,0.0,0.3158479662147144
b56bc0aa__horizontal_well.csv,0.0,0.20562508410711883
b585b4fa__horizontal_well.csv,0.0,0.12102017002833805
b5aa9634__horizontal_well.csv,0.0,0.04012804390076598
b7974e66__horizontal_well.csv,0.0,0.49735006973500695
b7cdcecb__horizontal_well.csv,0.0,0.4174540682414698
b7fea9ef__horizontal_well.csv,0.0,0.15085201793721972
b85f7b06__horizontal_well.csv,0.0,0.1932880982945168
b881d27e__horizontal_well.csv,0.0,0.4355016538037486
b8c49c1a__horizontal_well.csv,0.0,0.211864406779661
b95e7121__horizontal_well.csv,0.0,0.06446876668446343
b977be4a__horizontal_well.csv,0.0,0.2314876584389593
ba48188d__horizontal_well.csv,0.0,0.16696783520057826
bb2cdd83__horizontal_well.csv,0.0,0.14598411297440422
bb337fa0__horizontal_well.csv,0.0,0.6574975657254138
bb682ebd__horizontal_well.csv,0.0,0.25661777103355254
bc4381e2__horizontal_well.csv,0.0,0.5288307915758896
bcebcc5f__horizontal_well.csv,0.0,0.4777538344530359
bd2c2f34__horizontal_well.csv,0.0,0.6111350141984339
bd4ae5da__horizontal_well.csv,0.0,0.6308472121650978
bd6f0e19__horizontal_well.csv,0.0,0.1869895400487176
bd8f847e__horizontal_well.csv,0.0,0.17675701996429152
be063506__horizontal_well.csv,0.0,0.25340266095733294
be35c8f2__horizontal_well.csv,0.0,0.3151915903696168
be83e781__horizontal_well.csv,0.0,0.4489112227805695
beda8696__horizontal_well.csv,0.0,0.5185561769191662
bf39bc20__horizontal_well.csv,0.0,0.5371507826431543
bf70b410__horizontal_well.csv,0.0,0.380125
bffe3082__horizontal_well.csv,0.0,0.30615084887280825
c03b9305__horizontal_well.csv,0.0,0.4743695401351574
c03d4aed__horizontal_well.csv,0.0,0.1595294117647059
c03fba65__horizontal_well.csv,0.0,0.4469924148879873
c07fd0cd__horizontal_well.csv,0.0,0.43363711681855843
c1708b88__horizontal_well.csv,0.0,0.6228643216080402
c1d046f4__horizontal_well.csv,0.0,0.013445135174208473
c2717d4f__horizontal_well.csv,0.0,0.06704579467225381
c2c4db09__horizontal_well.csv,0.0,0.2265953381734811
c2c6fc71__horizontal_well.csv,0.0,0.36764705882352944
c36625df__horizontal_well.csv,0.0,0.7469464453492014
c3957531__horizontal_well.csv,0.0,0.03832368348497381
c42fe306__horizontal_well.csv,0.0,0.5548910721913712
c43812e2__horizontal_well.csv,0.0,0.6146990264637323
c472c0b5__horizontal_well.csv,0.0,0.07951510170536265
c47e0767__horizontal_well.csv,0.0,0.11805213969503198
c50b42f6__horizontal_well.csv,0.0,0.18775252525252525
c593337f__horizontal_well.csv,0.0,0.31314976116886767
c59b6c4a__horizontal_well.csv,0.0,0.14798927613941018
c66be2b8__horizontal_well.csv,0.0,0.2627678427581763
c6797dd7__horizontal_well.csv,0.0,0.17990765801623945
c6b782a4__horizontal_well.csv,0.0,0.27370786516853934
c6c96179__horizontal_well.csv,0.0,0.3273696886289351
c70c0e01__horizontal_well.csv,0.0,0.6838368829453525
c84c65be__horizontal_well.csv,0.0,0.4324904813043054
c8d9680c__horizontal_well.csv,0.0,0.3553804418033846
c908edd0__horizontal_well.csv,0.0,0.04754851133165457
c9578d27__horizontal_well.csv,0.0,0.49967752337955496
c96c018a__horizontal_well.csv,0.0,0.07422841515822373
c99f9fae__horizontal_well.csv,0.0,0.03728853943292828
c9e6734f__horizontal_well.csv,0.0,0.04899812147777082
c9e980e8__horizontal_well.csv,0.0,0.15282657297987864
c9fedcf3__horizontal_well.csv,0.0,0.056813819577735125
cad13e8f__horizontal_well.csv,0.0,0.04194581998252257
cb34231f__horizontal_well.csv,0.0,0.08841544607190413
cb879f40__horizontal_well.csv,0.0,0.3532388663967611
cbb406b5__horizontal_well.csv,0.0,0.488260602335587
cbe51de1__horizontal_well.csv,0.0,0.06713912719134651
cbe62450__horizontal_well.csv,0.0,0.3262916772715704
cc08aa63__horizontal_well.csv,0.0,0.40613790354722995
cc8a1d57__horizontal_well.csv,0.0,0.15839442374714577
ccedb12b__horizontal_well.csv,0.0,0.4257040609926871
cd7f1687__horizontal_well.csv,0.0,0.6373516134425682
cda7eb37__horizontal_well.csv,0.0,0.15170603674540684
cdc31d65__horizontal_well.csv,0.0,0.4456719128329298
cdc60a53__horizontal_well.csv,0.0,0.5362337832525226
ce55ba43__horizontal_well.csv,0.0,0.6352067868504772
ce8399b7__horizontal_well.csv,0.0,0.05890642615558061
cf50c9d1__horizontal_well.csv,0.0,0.17108833283087127
d00e7eb9__horizontal_well.csv,0.0,0.4689250102445021
d011f41b__horizontal_well.csv,0.0,0.04505888376856119
d07aed8f__horizontal_well.csv,0.0,0.29496708430664687
d085e611__horizontal_well.csv,0.0,0.4710901681100357
d0a0e7b5__horizontal_well.csv,0.0,0.13313664023603172
d0a43760__horizontal_well.csv,0.0,0.014721919302071973
d0cb63ae__horizontal_well.csv,0.0,0.33240997229916897
d114d9c2__horizontal_well.csv,0.0,0.4430597905342702
d1457cc5__horizontal_well.csv,0.0,0.29527419163804336
d1ecf309__horizontal_well.csv,0.0,0.4811800610376399
d1ee630d__horizontal_well.csv,0.0,0.4062698311968524
d217e0c5__horizontal_well.csv,0.0,0.13110449851216524
d24ff243__horizontal_well.csv,0.0,0.23903878583473862
d273674e__horizontal_well.csv,0.0,0.19780411293133496
d2f3b1ab__horizontal_well.csv,0.0,0.2212881162724423
d3df146b__horizontal_well.csv,0.0,0.277992277992278
d40f61d5__horizontal_well.csv,0.0,0.15459183673469387
d41beaf2__horizontal_well.csv,0.0,0.26941747572815533
d463e527__horizontal_well.csv,0.0,0.05092261479044486
d4f60a28__horizontal_well.csv,0.0,0.3600621600621601
d50c649a__horizontal_well.csv,0.0,0.2999389126450825
d543916f__horizontal_well.csv,0.0,0.48845725202993157
d5df0ff5__horizontal_well.csv,0.0,0.029143897996357013
d60430e6__horizontal_well.csv,0.0,0.3371647509578544
d63196fe__horizontal_well.csv,0.0,0.16340758374426118
d6c320d9__horizontal_well.csv,0.0,0.036279873308378924
d6dd7330__horizontal_well.csv,0.0,0.06305483028720626
d7ba4f9d__horizontal_well.csv,0.0,0.31334448590914943
d7eb0be8__horizontal_well.csv,0.0,0.04661487236403995
d84b621b__horizontal_well.csv,0.0,0.2702749738948834
d90aa14c__horizontal_well.csv,0.0,0.4034264063915658
d924e971__horizontal_well.csv,0.0,0.1081386586284853
d9ae59b2__horizontal_well.csv,0.0,0.42097087378640774
d9d6d94d__horizontal_well.csv,0.0,0.1656156156156156
d9eca87b__horizontal_well.csv,0.0,0.5663136661623802
da2d4d7c__horizontal_well.csv,0.0,0.24558452481076534
da3bfe4e__horizontal_well.csv,0.0,0.5386238919375264
da3cf798__horizontal_well.csv,0.0,0.4932156501119747
da940160__horizontal_well.csv,0.0,0.3389281507656066
dafc88c3__horizontal_well.csv,0.0,0.04842075970502296
dbee6c86__horizontal_well.csv,0.0,0.05102040816326531
dc5fbe29__horizontal_well.csv,0.0,0.3339435545385202
dc7da28f__horizontal_well.csv,0.0,0.0737410071942446
dc7f9757__horizontal_well.csv,0.0,0.5371594389811382
dd168de0__horizontal_well.csv,0.0,0.06771344455348381
dd64382d__horizontal_well.csv,0.0,0.5792803479636219
dd6bc5b2__horizontal_well.csv,0.0,0.09333795975017349
dd7d638e__horizontal_well.csv,0.0,0.3355937810122395
ddc790ff__horizontal_well.csv,0.0,0.41465677179962895
df71d1ff__horizontal_well.csv,0.0,0.5330625713923086
df73b8f3__horizontal_well.csv,0.0,0.6297902097902098
df8290be__horizontal_well.csv,0.0,0.5989427312775331
e0079ed1__horizontal_well.csv,0.0,0.2845729503519117
e03b45fd__horizontal_well.csv,0.0,0.38924184667513767
e0f36d98__horizontal_well.csv,0.0,0.45933869526362825
e149204f__horizontal_well.csv,0.0,0.5615313286528016
e14d641e__horizontal_well.csv,0.0,0.6217356368019284
e161bd0c__horizontal_well.csv,0.0,0.46395179721587365
e201fd6d__horizontal_well.csv,0.0,0.28269675925925924
e25f1537__horizontal_well.csv,0.0,0.23714627341570346
e2fc7745__horizontal_well.csv,0.0,0.07280553995882463
e32da4ec__horizontal_well.csv,0.0,0.31912817176317504
e3b34f5b__horizontal_well.csv,0.0,0.2868504044974633
e45a2a62__horizontal_well.csv,0.0,0.6099746154994774
e46f4ef4__horizontal_well.csv,0.0,0.3817469204927212
e4726608__horizontal_well.csv,0.0,0.32147415443522653
e5864244__horizontal_well.csv,0.0,0.33278118270664236
e5c92e59__horizontal_well.csv,0.0,0.35397334233170236
e5ff9fd2__horizontal_well.csv,0.0,0.5121486422105764
e6c55748__horizontal_well.csv,0.0,0.11528779996643732
e730c32b__horizontal_well.csv,0.0,0.5809244087185036
e737965a__horizontal_well.csv,0.0,0.5986482973745776
e748dd88__horizontal_well.csv,0.0,0.033684546615581096
e7818f7a__horizontal_well.csv,0.0,0.24234880656025773
e7c36e81__horizontal_well.csv,0.0,0.5405835543766578
e7d0c1de__horizontal_well.csv,0.0,0.03656080557707204
e85074c5__horizontal_well.csv,0.0,0.4418186843559978
e97032ad__horizontal_well.csv,0.0,0.48372833392288644
e9949a23__horizontal_well.csv,0.0,0.3739659747151553
ea0b99b7__horizontal_well.csv,0.0,0.5122954566230917
ea3a0e38__horizontal_well.csv,0.0,0.5418009157198576
ea41324e__horizontal_well.csv,0.0,0.3123263635034362
eabc711b__horizontal_well.csv,0.0,0.4111293409898824
eac10e86__horizontal_well.csv,0.0,0.24223436875083323
eafb863e__horizontal_well.csv,0.0,0.3148391950347941
eb06a4e7__horizontal_well.csv,0.0,0.0362125725035272
eb640a35__horizontal_well.csv,0.0,0.475970187612439
eb934281__horizontal_well.csv,0.0,0.15668202764976957
eba6605e__horizontal_well.csv,0.0,0.20772862388529464
ebe69318__horizontal_well.csv,0.0,0.20913962488835963
ec0d597b__horizontal_well.csv,0.0,0.0717606943583385
ec13af42__horizontal_well.csv,0.0,0.5162999185004075
ecdab904__horizontal_well.csv,0.0,0.0688600782778865
ecdaf714__horizontal_well.csv,0.0,0.04356796116504855
ed6436d6__horizontal_well.csv,0.0,0.036403421523771635
ed6e6e54__horizontal_well.csv,0.0,0.07555856465809073
edf885a3__horizontal_well.csv,0.0,0.10466790047295908
ee0300f7__horizontal_well.csv,0.0,0.3053075799383217
ee288beb__horizontal_well.csv,0.0,0.30080775444264946
ee4aecac__horizontal_well.csv,0.0,0.16722255912674347
eeda36f5__horizontal_well.csv,0.0,0.04098096160051629
eeed308d__horizontal_well.csv,0.0,0.5367981101217518
ef04658e__horizontal_well.csv,0.0,0.1475988700564972
ef8e3ed0__horizontal_well.csv,0.0,0.47114660238059364
efde6ac3__horizontal_well.csv,0.0,0.4143086816720257
efe96181__horizontal_well.csv,0.0,0.18338213762811129
f0188a48__horizontal_well.csv,0.0,0.04919367975240267
f021b650__horizontal_well.csv,0.0,0.3538324420677362
f03f10fe__horizontal_well.csv,0.0,0.20745320281641766
f053a1b9__horizontal_well.csv,0.0,0.19875672043010753
f074d277__horizontal_well.csv,0.0,0.2264736297828335
f07d7037__horizontal_well.csv,0.0,0.041103017689906346
f08774c3__horizontal_well.csv,0.0,0.07511071744906997
f140c2fa__horizontal_well.csv,0.0,0.2151394422310757
f16e25e3__horizontal_well.csv,0.0,0.4006074411541382
f2d4c8c9__horizontal_well.csv,0.0,0.5193474962063733
f321a31c__horizontal_well.csv,0.0,0.039359267734553775
f40cd091__horizontal_well.csv,0.0,0.6394628099173554
f439a621__horizontal_well.csv,0.0,0.4349307774227902
f49fdea3__horizontal_well.csv,0.0,0.05521559698306532
f4d12d23__horizontal_well.csv,0.0,0.24632892804698972
f56d3ace__horizontal_well.csv,0.0,0.3810104293647569
f5859199__horizontal_well.csv,0.0,0.6275880613068029
f5d8aab6__horizontal_well.csv,0.0,0.12119829683698297
f631da6e__horizontal_well.csv,0.0,0.5349750178443968
f6824bb0__horizontal_well.csv,0.0,0.14044289044289043
f6bc699b__horizontal_well.csv,0.0,0.32175968005817124
f6d009f4__horizontal_well.csv,0.0,0.2897663376233912
f72b268f__horizontal_well.csv,0.0,0.0604950745137661
f8662c22__horizontal_well.csv,0.0,0.47448612907862586
f88ddb26__horizontal_well.csv,0.0,0.038572513287775244
f8afa78a__horizontal_well.csv,0.0,0.47196959413601197
f8f59188__horizontal_well.csv,0.0,0.6155786350148368
f9fc81aa__horizontal_well.csv,0.0,0.06003092928440883
fa16d114__horizontal_well.csv,0.0,0.5010103926096998
fa31da94__horizontal_well.csv,0.0,0.6370303846729531
fa667be2__horizontal_well.csv,0.0,0.1316208229142987
fae0c593__horizontal_well.csv,0.0,0.032210834553440704
fb03ae90__horizontal_well.csv,0.0,0.15635379505474228
fb0904bd__horizontal_well.csv,0.0,0.5063888342834677
fb3848a1__horizontal_well.csv,0.0,0.5704288077363532
fb73b13a__horizontal_well.csv,0.0,0.35003348961821834
fba7683c__horizontal_well.csv,0.0,0.02040816326530612
fbd68d27__horizontal_well.csv,0.0,0.2207670720299345
fc03f21f__horizontal_well.csv,0.0,0.07142857142857142
fc0d20b2__horizontal_well.csv,0.0,0.4421627731725697
fcfcc902__horizontal_well.csv,0.0,0.040085744908896034
fd3b4faa__horizontal_well.csv,0.0,0.5523289246693502
fd710aea__horizontal_well.csv,0.0,0.2221476510067114
fd8f77fa__horizontal_well.csv,0.0,0.4733570159857904
fde20ecf__horizontal_well.csv,0.0,0.27074851237081116
fdfd57da__horizontal_well.csv,0.0,0.48954372623574144
febb4411__horizontal_well.csv,0.0,0.03187250996015936
fef8af96__horizontal_well.csv,0.0,0.3265588003157064
ff0aea78__horizontal_well.csv,0.0,0.3516881028938907
ff8bb73a__horizontal_well.csv,0.0,0.04915254237288136
ffefef30__horizontal_well.csv,0.0,0.2913876343248715
